1,숲길,한라산영실코스,"33.349241, 126.497057","가장 짧지만 가장 아름다운 한라산 등산코스

영실 등산로는 길이 5.8km로 약 2시간 30분이 소요되는 코스인데, 한라산 코스 중에서 가장 짧으면서도 가장 아름다운 구간으로 손꼽혀요. 차로 1280m 고지까지 올라가서 등산로 앞까지 갈 수 있어요. 백록담 밑 남벽 분기점까지 이어지는 영실탐방로는 비교적 수월해 초보자들에게도 추천되는 코스예요.

백록담까지는 안전상의 이유로 통제되어 있지만, 영실기암, 울창한 숲, 오백나한, 그리고 ‘돌이 있는 자갈 평지’를 의미하는 선작지왓과 ‘위에 있는 세개의 오름’을 뜻하는 윗세오름 등 다양한 볼거리가 무궁무진해요. 버스나 택시를 이용해 왔다면, 하산할 때는 어리목이나 돈내코로 내려가며 다양한 풍경을 감상할 수 있어요.",제주특별자치도 서귀포시 영실로 246,(+82) 064-747-9950,https://www.jeju.go.kr/hallasan/index.htm,.,무료,.,https://drive.google.com/u/0/drive-viewer/AKGpihbpDKtw_sYejMtEC3oIRiMWDafAN9GJyzCNjM9O34YnqNiQ3hOozS8eOBxCBH0TYS2IadfXFNFVRRkZURt3qsMZJRW7knyASeM=s1600-rw-v1,https://visitjeju.net/kr/detail/view?contentsid=CNTS_000000000019973
2,숲길,사려니숲길,"33.427467, 126.661715","사려니숲길은 제주의 대표적인 자연 경관 중 하나로, 비자림로에서 시작해 물찻오름과 사려니오름까지 이어지는 숲길이에요. 삼나무가 가득한 이 숲길은 걷는 내내 상쾌한 공기와 함께 자연을 만끽할 수 있어요.

'사려니'는 '신성한 숲'을 의미하며, 숲길을 걸을 때 삼나무 향기와 함께 마치 자연이 포근히 감싸주는 느낌을 받을 수 있어요. 삼나무 외에도 졸참나무, 서어나무, 때죽나무 등 다양한 나무들이 서식하고 있어, 여러 동식물의 서식지로도 알려져 있답니다.

이 숲길은 자연 그대로의 모습이 잘 보존되어 있어 트래킹을 즐기는 분들이 많이 찾고 있으며, 2002년에는 유네스코 생물권 보전지역으로 지정되었어요. 또한, 숲 보호를 위해 물찻오름은 한동안 탐방이 제한되었으나, 한시적으로 개방된 <사려니숲 에코힐링> 행사도 진행되었답니다.

사려니숲길에서는 하늘로 곧게 뻗은 삼나무들이 만들어주는 그늘 아래에서 걷는 기분이 정말 좋아요. 여름에도 시원한 바람이 불어와 쾌적하게 숲을 탐방할 수 있답니다. 청정한 제주의 자연 속에서 몸과 마음을 치유하고 싶다면, 사려니숲길을 걸어보는 것을 추천해요.",제주특별자치도 제주시 조천읍 교래리 산 137-1,(+82) 064-900-8800,https://hallatrail.or.kr/salyeonisup,평일 : 09:00 ~ 17:00 / 주말 : 09:00 ~ 17:00,.,.,https://drive.google.com/u/0/drive-viewer/AKGpihZYuyiJo0kIPL-Jo84bRJuf6IBhPNCxg1m2eEROMYdKAA71Gq5_r3GSesZ3YjSNh-TUomgSugUHIMWeDb2AIL7vLWGqtZ-Kb_E=s1600-rw-v1,https://visitjeju.net/kr/detail/view?contentsid=CONT_000000000500281
3,숲길,숫모르편백나무숲길,"33.430716, 126.594238","한라생태숲 안에 있는 숫모르 편백나무 숲길은 숫모르숲길과 절물휴양림 내 샛개오리오름의 편백나무림 구간의 특징 때문에 붙여진 이름이며, 총 8km에 달해요. 이 숲길은 화산토가 깔려 있고, 울창한 편백나무들이 자리를 지켜서 가만히 있어도 시원하고 개운한 느낌을 받을 수 있어요. 특히 숫모르 편백나무 숲길의 일부 구간은 장생의 숲길과 겹치는 것으로 알려져 더욱 매력적이에요.

숲해설을 듣고 싶다면 인터넷 예약을 통해 가능하고, 동절기에는 숲해설 프로그램이 운영되지 않으니 참고해 주세요. 숲해설가의 안내를 받으며 코스별로 자세한 해설을 들을 수 있으니, 숫모르 편백나무 숲길에 대해 더 깊이 알고 싶다면 숲해설 프로그램을 신청해보길 추천해요.

숲 탐방 시 유의할 사항으로는 취사, 행상, 음주, 흡연이 금지되어 있고, 탐방 후에는 쓰레기를 반드시 가져가야 해요. 또한 애완동물 출입이 제한되며, 지정된 장소 외에는 음식물 반입과 식사가 금지되고, 체육 기자재의 반입도 불가해요.",제주특별자치도 제주시 516로 2596,(+82) 064-710-8688,https://hallatrail.or.kr/suchmoleupyeonbaeg,평일: 09:00 ~ 18:00 / 주말 : 09:00 ~ 18:00 / 연중무휴,.,.,https://drive.google.com/u/0/drive-viewer/AKGpihb29IoGo4JMDKmfoUiNEE1fCaLFzXg4MhTjNg6KMTU5Codo8DtUbrjYH1-OdCL60noWoYwnjHS-U8HyqJVTylaqm2XtgOKJeIk=s1600-rw-v1,https://visitjeju.net/kr/detail/view?contentsid=CNTS_000000000021404
4,숲길,비자림,"33.484272, 126.806522","아이와 함께 천천히 걸으며 숲속의 신비로움에 빠지고 싶다면 비자림을 추천해요. 천 년의 세월이 깃든 신비로운 비자림은 500~800년 된 비자나무들이 자라는 세계적으로도 희귀한 장소예요. 벼락 맞은 나무부터 긴 세월을 견딘 아름드리 나무까지 다양한 비자나무를 만날 수 있어요. 비자나무 외에도 단풍나무, 후박나무 등 여러 나무들이 숲을 가득 채우고 있어, 숲 입구부터 상쾌한 향기가 퍼져 나와요. 피톤치드를 머금은 산책로를 천천히 걷다 보면 자연스럽게 산림욕의 매력에 빠지게 돼요.

비자림 산책로는 A코스와 B코스로 나뉘어요. 어느 코스를 걸어도 좋지만, B코스에는 다소 거친 돌멩이길이 포함되어 있어요. 만삭의 산모나 초보 부모에게는 A코스를 추천해요. A코스는 2.2km로 약 40분 정도 소요되며, 대부분 평지라 유모차 이용도 가능해요. A, B코스 모두 숲 안쪽에 위치한 새 천 년 비자나무와 연리목으로 이어져 있어요.

비자나무의 매력을 충분히 느꼈다면, 잠시 길 아래쪽도 살펴보세요. 비자림에는 희귀난과 식물인 풍란, 콩짜개란, 비자란 등이 자라고 있어요. 울창한 숲의 웅장함뿐만 아니라 아기자기한 식물들의 모습도 엿볼 수 있어요.

숲 속 이야기가 궁금하다면 탐방해설사 프로그램에 참여해보는 것도 좋답니다. 비자림에 자라는 다양한 식물과 그에 얽힌 숨은 이야기를 들을 수 있어요. 다만 운영 시간이 유동적이니 방문 전에 유선 확인이 필요해요.",제주특별자치도 제주시 구좌읍 비자숲길 55,(+82) 064-710-7911,https://visitjeju.net/kr/detail/view?contentsid=CONT_000000000500270,09:00~18:00(입장마감:17:00) / 연중무휴,"일반: 3,000원 / 어린이, 청소년: 1,500원 / 장애인 할인 입장료: 무료",1시간 이내 / 경사 난이도: 하,https://drive.google.com/u/0/drive-viewer/AKGpihYrp-0wLcm77LQvhv1u_fHkWOpKTeHupP3OWywh7r--z6_AIMhASeZ3nUHMY8L5qXpLJwBWlYI2J4L3BaPSaX2Eh6eRcGBd5N0=s1600-rw-v1,https://visitjeju.net/kr/detail/view?contentsid=CONT_000000000500270
5,숲길,교래자연휴양림,"33.441777, 126.666651
","교래자연휴양림은 곶자왈 생태 체험이 가능한 최초의 휴양림이에요. 이곳에는 생태관찰로(2.5km)와 오름산책로(7km) 두 가지 탐방 코스가 있어요. 탐방로를 걷다 보면, 곶자왈의 불규칙한 지형 덕분에 열대 북방한계식물과 한대 남방한계식물이 공존하는 독특한 식생을 볼 수 있어요. 천량금 같은 아열대 식물부터 한라산 고지에서나 볼 수 있는 좀고사리, 그리고 북방 식물인 골고사리와 큰지네고사리도 관찰할 수 있답니다.

곶자왈의 나무들은 돌과 바위를 비집고 자라났기 때문에 곧게 뻗지 않고 휘어진 채로 자라요. 덩굴을 감은 나무들, 땅 위로 뿌리가 드러난 ‘판근현상’도 쉽게 볼 수 있어요. 교래자연휴양림 숲에는 겨울철 노루들이 피난처로 이용했던 노루굴, 방목된 우마들을 관리하던 움막터, 그리고 숯을 만들던 가마터의 흔적이 남아 있어요.",제주특별자치도 제주시 조천읍 남조로 2023,(+82) 064)710-8673,https://www.jeju.go.kr/jejustoneparkforest/index.htmm,.,"성인: 1,000원 / 청소년: 600원 / 어린이,경로인, 장애인: 무료
","- 생태관찰로: 1.5km(왕복 약 40분) 
- 오름산책로: 2.1km(왕복 약 2시간 30분)",https://drive.google.com/u/0/drive-viewer/AKGpihaQ6HsAhYdWWeja2xhdpD6Y1BlKZSrt7Nl8EJ9iapyitZtmelL4Nj08VMONqKxEsa0HuZzWadr5OOqggMAD6KxZeUVO5v3KVxI=s2560,https://visitjeju.net/kr/detail/view?contentsid=CONT_000000000500061
6,숲길,제주절물자연휴양림,"33.439444, 126.629456","누구나 숲길 위에서 특별한 설렘을 만날 수 있는 곳, 절물자연휴양림

봄에는 제주 야생 난초인 금빛 새우란의 향기가 가득하고, 여름에는 시원한 푸른빛의 산수국과 산뽕나무 열매가 초록의 숲과 어우러지며, 겨울에는 새하얀 설경이 삼나무와 대비를 이루며 장관을 연출해요. 사시사철 방문하는 모든 이들의 마음을 설레게 하는 곳, 제주시 봉개동에 자리한 절물자연휴양림이에요. ‘절물’이라는 이름은 근처에 약효가 좋은 물이 난다는 데서 유래했답니다.

시내에서 차로 20여 분이면 도착할 수 있어, 제주를 여행하는 관광객은 물론 도민들도 자주 찾는 휴양림이에요. 절물자연휴양림에서 가장 매력적인 풍경 중 하나는 바로 삼나무 숲이에요. 50여 년생 삼나무들이 하늘을 향해 쭉쭉 뻗어 있어, 바다에서 불어오는 해풍과 함께 여름에도 시원함을 느낄 수 있어요.

휴양림 안에는 산책로, 연못, 잔디광장, 놀이시설, 숙박시설 등이 잘 갖추어져 있어요. 산책로는 완만한 경사로 이루어져 있어 어린이나 노약자도 쉽게 걸을 수 있으며, 휠체어나 유모차를 사용하는 교통약자들도 자연을 누릴 수 있도록 무장애탐방로가 7km에 이르러요.

산책로는 다양한 코스가 있어 원하는 코스를 선택해 즐길 수 있어요. 해발 697m의 절물오름까지 오르는 등산로는 왕복 1시간이면 충분하고, 가장 긴 코스는 11.1km에 달하는 ‘장생의 숲길’로 절물자연휴양림을 크게 돌아보는 코스예요. 그중 가장 인기 있는 곳은 입구 오른쪽에 있는 ‘삼울길’, 삼나무가 울창한 숲길이에요. 절물자연휴양림에서는 숲해설 프로그램도 운영하고 있으니, 시간이 맞다면 숲해설가의 설명을 들으며 산책하는 것도 좋은 경험이 될 거예요.

삼나무 숲을 바라보며 청정한 공기와 초록의 힐링을 느낄 수 있는 곳, 비가 오면 안개가 끼어 몽환적인 분위기를 연출하는 절물자연휴양림으로 떠나보세요!

위 글의 출처는 제주관광공사입니다.",제주특별자치도 제주시 명림로 584,"(+82) 064-728-1510
",https://www.foresttrip.go.kr/indvz/main.do?hmpgId=ID02030053,3월-10월: 07시~18시 / 11월-2월: 07시~17시 / 연중무휴,"성인 1,000원 / 청소년 600원 / 어린이300원 / 장애인, 만65세이상 입장료: 무료",1~2시간 / 경사 난이도: 상,https://drive.google.com/u/0/drive-viewer/AKGpiha4ZK_U1w2YXOZbcoXux58yYm5x6tLAqCmMQJr0NKCN2_USG1dCGKbuMlQQOQqVWWxiSlPqXq8ezWeWbTj6jImXjf41cisXilE=s2560,https://visitjeju.net/kr/detail/view?contentsid=CONT_000000000500570
7,숲길,한라생태숲,"33.430933, 126.595793
","초록을 꿈꾸는 숲, 초록이 살아 숨 쉬는 생명의 숲, 한라생태숲

한라산 중턱 해발 600m에 위치한 한라생태숲은 원래 목장으로 사용되다 방치된 야초지를 복원한 곳으로, 난대성 식물부터 한라산 고산식물까지 한눈에 볼 수 있는 장소예요. 제주시에서 서귀포시로 향하는 516로 초반부에 위치해 도심에서 가깝고, 평탄한 지형과 넓은 산책로 덕분에 가족 단위 야외활동 장소로 인기가 많아요.

제주 자연생태계 교육장이자 힐링 장소인 이곳은 보행약자를 위한 무장애구간 탐방로가 잘 마련되어 있어, 휠체어나 유모차를 타고도 전 구간을 이용할 수 있어요.

한라생태숲에서는 목련총림, 벚나무숲, 단풍나무숲, 수생식물원, 숫모르숲길, 암석원 등 다양한 제주 자생식물을 한자리에서 만날 수 있어요. 숲이 복원되면서 노루, 큰오색딱따구리, 아기뿔소똥고리 같은 다양한 동물들도 서식하게 되었답니다.

특히 매년 5월, 진분홍의 꽃이 흐드러지게 피는 50m 길이의 참꽃나무 터널은 숨겨진 명소로 탐방객들의 발길을 끌어요. 왕벚나무 테마숲 주변 언덕에서는 매년 8월에 제주상사화의 아름다운 꽃물결을 감상할 수 있으며, 겨울이면 상록수림의 초록빛과 대비되는 새하얀 설경이 절경을 이루어요. 한라생태숲 원형 광장 주변에는 언제나 신비로운 초록빛을 만끽할 수 있는 이끼원이 조성되어 있어요.

‘한라산 식생의 축소판’으로 불릴 만큼 제주 숲의 매력을 간직한 한라생태숲에서는 숲 체험 프로그램도 운영 중이에요. 숲 해설가의 안내를 받으며 숲의 여러 가지 볼거리를 마주하고 다양한 체험활동을 할 수 있는 기회는 제주의 자연이 주는 큰 선물일 거예요.

위 글의 출처는 제주관광공사입니다.",제주특별자치도 제주시 516로 2596,064-710-8688,https://www.jeju.go.kr/hallaecoforest/index.htm,하절기 3~10월: 9:00~18:00 (입장 마감 17시) / 동절기11~2월: 9:00~17:00 (입장 마감 16시),무료,1~2시간 / 경사 난이도: 중,https://drive.google.com/u/0/drive-viewer/AKGpihYWCtuArgu2-grlP8qk4mXp-q5OmbwhO5xGP7kZbFusZ_7tuCGFl0QzSFn76BZXUuuSCRfYmuNTrarmLyvQUM70Xz6G_pFIWug=s1600-rw-v1,https://www.visitjeju.net/kr/themtour/view?contentsid=CNTS_200000000011955
8,숲길,머체왓숲길,"33.330593, 126.674102
","천천히 산책하듯 걸으면 마음까지 초록빛으로 힐링되는 곳, 머체왓숲길

서귀포에서 동쪽으로 약 15km 떨어진 전형적인 중산간 농촌마을 한남리, 이곳은 주민 대부분이 감귤농사에 종사하는 곳이에요. 그 한남리에는 제주 중산간의 드넓은 목장 초원과 원시림을 동시에 즐길 수 있는 산책길이 있는데, 바로 머체왓숲길이에요. '머체왓'이라는 이름은 이 일대가 '머체'(돌)로 이루어진 밭(왓)이라는 데서 유래했어요. 삼나무숲, 편백나무숲 등으로 이루어진 숲길 탐방로와 서중천 계곡을 따라 걷는 생태탐방로는 색다른 제주 걷기 여행 코스로 주목받고 있어요.

공동목장 일원에는 야생화숲길, 돌담쉼터, 머체왓 전망대, 삼림욕숲길, 목장길, 머체왓 집터, 서중천 숲터널 등이 조성되어 있으며, 입구에 위치한 ‘머체왓 숲길 방문자 지원센터’에서는 다양한 프로그램이 운영되고 있어요.

머체왓숲길은 총 6.7km 길이의 머체왓숲길, 6.3km의 머체왓소롱콧길, 그리고 7.0km의 서중천탐방로로 구성되어 있어요. 머체왓숲길을 걷다 보면 자연스레 허리가 숙여지는데, 이는 아기자기한 제주의 야생화들이 소박하지만 아름다운 색으로 반겨주기 때문이에요. '소롱콧길'은 지형이 작은 용을 닮았다 해서 붙여진 이름으로, 편백나무, 삼나무, 소나무, 잡목이 울창한 숲길에서 피톤치드의 향기를 만끽할 수 있어요. 또한 서중천 탐방로는 큰 현무암과 기암절벽으로 이루어져 있으며, 용암층 밑으로 흐르는 지하수가 있어 자연 그대로의 모습을 간직한 천연 자연의 보고라 할 수 있어요.

머체왓숲길은 제주의 다른 숲길과는 달리 인위적으로 정돈된 느낌보다 자연 그대로의 모습을 더 강하게 느낄 수 있어요. 그래서 천천히 산책하듯 걷다 보면 마음까지 초록빛으로 물들어 힐링이 되는 기분이 들어요. 멋진 고목들과 쭉쭉 뻗은 침엽수림 속에서 몸과 마음이 숲과 하나되는 시간을 가져보는 건 어떨까요?

위 글의 출처는 제주관광공사입니다.",제주특별자치도 서귀포시 남원읍 서성로 755,064-805-3113,http://www.meochewat.com/index.php,3월~10월: 08:30~18:00 / 11~2월: 08:30~17:30 / 연중무휴,숲길 탐방 무료 / 탐방해설 프로그램 유료(사전 문의 및 예약 필수),2~3시간,https://drive.google.com/u/0/drive-viewer/AKGpihbHckJv6uOyVm87jh-Ekv8b9CaJpDaiPqA79ctThneAuHLX2gJrpcTENHam_CSuyL1JB6Lw40JbATKFEg_JyA3tk1MScKNZqH8=s1600-rw-v1,https://www.visitjeju.net/kr/themtour/view?contentsid=CNTS_200000000011955
9,숲길,제주곶자왈도립공원,"33.286331, 126.270925","곶자왈은 제주의 용암지대에 형성된 독특한 숲이에요. 추사 유배길이 지나는 구억마을을 비롯해 무릉, 신평, 저지마을까지 넓은 지역에 걸쳐 곶자왈이 형성되어 있어요. '제주의 허파'라고도 불리는 이곳은 다양한 식물들이 함께 자라며 독특한 생태계를 이루고 있답니다.",제주특별자치도 서귀포시 대정읍 신평리,(+82) 064-710-6042,http://jejugotjawal.or.kr/default/,.,.,.,https://drive.google.com/u/0/drive-viewer/AKGpihYdSDhHA5b-iB7GNU32jVFYDV3NIEDN13d2PEhN1FX4ny7pIEM8dHUh8FcUXXHaNzKYjo23gyZxMgXqakKXKgHy6uIGXh0ptQ=s1600-rw-v1,https://www.visitjeju.net/kr/detail/view?contentsid=CONT_000000000500054
10,숲길,동백동산,"33.517213, 126.717613","조천읍 선흘리에 위치한 동백동산은 제주 생태체험관광의 또 다른 명소예요. 화산 폭발 후 흘러내린 용암이 쪼개지면서 형성된 곶자왈은 일반적으로 넓은 연못이 만들어지기 어려운 구조인데, 동백동산은 파호이호이용암이라는 특이한 지형 덕분에 물이 빠져 나가지 않고 고여 있게 되었어요. 제주에서 유일하게 동백동산에서만 이 파호이호이용암 지형을 볼 수 있어요.

상수도가 보급되기 전, 이 지역 주민들은 동백동산 근처에서 식수를 구했어요. 이름이 붙여진 연못만도 100여 곳에 달하는데, 그중 가장 큰 것이 '먼물깍'이에요. 먼물깍은 '멀리 있는 물'이라는 뜻의 '먼물'과 '끝'을 의미하는 '깍'이 합쳐진 이름이에요. 이 습지는 과거 마소의 우물터였고, 주민들이 빨래와 목욕을 하던 생활의 근거지였어요. 사철 마르지 않는 이 습지는 다양한 수생식물과 곤충, 양서류가 서식하는 생명의 보고로, 제주 도롱뇽, 개구리, 누룩뱀, 유혈목 같은 생물들도 쉽게 관찰할 수 있어요. 환경부 지정 멸종 위기종인 순채와 제주에서만 자라는 제주고사리삼도 이곳에서 볼 수 있어요.

동백동산은 동백나무가 많아 붙여진 이름이에요. 예전에는 주민들이 나무를 베어 땔감으로 사용했지만, 기름을 짜서 팔 수 있는 동백나무만 남겨두었어요. 이후 벌목이 금지되면서 구실잣밤나무, 후박나무, 황칠나무 같은 나무들이 복원되어 지금은 동백나무보다 더 크게 자라 숲을 이루고 있답니다. 이곳은 2011년 람사르 습지로, 2014년에는 세계지질공원 대표명소로 지정될 만큼 생태적 우수성을 인정받고 있어요.",제주특별자치도 제주시 조천읍 선흘리 산 12,(+82) 064-784-9445,http://www.eco-tour.kr/front/tour/choice/detail/29,"동절기11~3월: 09:00~17:00 (입장마감16:00) / 하절기 4~10월: 09:00~18:00 (입장마감16:00) *일몰시간에 따라 변동 / 설날, 추석 당일 휴무 / 오전 9시 이전 입장 가능하나 일출 후 이용권장",.,.,https://drive.google.com/u/0/drive-viewer/AKGpihZbIj1d2Jk-IeNI_AC-F7OpOW3Oq6k3K0lPVRfX1EJSvatX1nP06teuPsH5xv74z7hErJiqRP6YXoKzLo1SyD7IbHG1z29WpHg=s1600-rw-v1,https://www.visitjeju.net/kr/detail/view?contentsid=CONT_000000000500156
11,숲길,서귀포치유의숲,"33.290586, 126.529629
","서귀포 치유의 숲은 <2021 제주 웰니스 관광지(자연/숲 치유)>로 선정된 관광지예요.
서귀포 호근동에는 총 15km에 걸쳐 조성된 ‘서귀포 치유의 숲’이 있어요. 이곳은 12개의 테마 길로 이루어져 있으며, 1일 입장 인원이 600명으로 제한되기 때문에 방문하려면 인터넷 사전 예약이 필수예요. 편백나무와 삼나무로 가득한 서귀포 치유의 숲에서는 피톤치드, 음이온, 산소, 자연광 등 숲 속에서 얻을 수 있는 치유 인자들을 통해 산림치유 효과를 누릴 수 있어요.

서귀포 치유의 숲은 2020년 문화체육관광부가 지정한 ‘열린 관광지’로도 선정된 곳이에요. 열린 관광지란 장애인, 고령자, 영유아 동반 가족 등 관광 취약 계층이 불편함 없이 이동하고 안전하게 여행할 수 있도록 기존 관광지를 개·보수한 장소를 의미해요. 서귀포 치유의 숲은 관광 약자들을 위한 별도의 코스인 노고록 무장애 나눔길을 제공해 누구나 편안하게 숲 여행을 즐길 수 있어요. 또한 야자수 껍질로 엮어 만든 매트 덕분에 더욱 쾌적한 산책이 가능해요.",제주특별자치도 서귀포시 산록남로 2271,(+82) 064-760-3067,https://seogwipo.go.kr/healing/info/forest/intro.htm,"※ 탐방 안내 (2024.5.29. 기준)

최근 진드기, 지네, 뱀 물림 사고가 발생하고 있어 발이 다 막혀있는 신발 착용 필수입니다. (단화, 운동화, 장화 등) 

안전사고 예방을 위해 슬리퍼, 슬립온, 샌들 등의 착용은 입장을 통제하고 있습니다. (신발 종류에 상관없이 반드시 발이 다 막혀있어야 합니다.)","어른:1,000원 / 청소년: 600원 / 유아, 장애인: 면제",경사 난이도: 상,https://drive.google.com/u/0/drive-viewer/AKGpihYJQn8kTj-a60jn6opKnhIPANJxJMaLV6tiS5KsQuWJ3ro4jfnhoO7naBSZczTRIMNdP9weqGUkiB25AT_qB3CQU6DeDTsL9tI=s1600-rw-v1,https://www.visitjeju.net/kr/detail/view?contentsid=CNTS_000000000018311
12,숲길,서귀포자연휴양림,"33.311500, 126.458839
","서귀포자연휴양림은 인공적인 조림을 최소화하고, 제주도의 산과 숲 그대로의 특징을 살려 쾌적한 휴양과 삼림욕을 즐길 수 있는 우리나라 최남단의 자연휴양림이에요. 해발 700m에 위치한 이곳은 서귀포 시내보다 온도가 약 10°C 정도 낮아서, 봄부터 가을까지 계절적 영향을 덜 받으며 좋은 삼림욕과 산책, 캠핑을 즐길 수 있어요. 휴양림으로 가는 길은 잘 닦여져 있으며, 제주에서만 볼 수 있는 다양한 이국적인 수종들을 감상할 수 있답니다. 도로 곳곳에 차를 세워 서귀포 시가지와 바다를 내려다보는 멋진 풍경을 감상하는 것도 큰 즐거움이에요.

휴양림 안으로 들어서면 사방이 푸른 나무들로 가득해 녹음이 깊어요. 숲을 둥글게 돌아가는 길을 따라 맨발로 걸으면 향긋한 피톤치드 향기가 코끝을 감싸요. 피톤치드는 식물이 살균과 살충 작용을 위해 내뿜는 향기로, 이를 마시거나 피부에 접촉하면 심신을 맑게 하고 건강에 좋다고 해요. 바로 이것이 삼림욕의 효과예요. 천연림인 이곳은 다양한 야생 동식물의 서식지로, 노루나 다람쥐와 마주치거나 크낙새 소리를 들을 수 있으며, 희귀한 꽃들도 많이 볼 수 있어요. 숲길을 따라 전망대에 오르면 서귀포 시가지와 태평양 바다가 한눈에 펼쳐지는 멋진 풍경을 감상할 수 있답니다.

참고로, 힐, 슬리퍼, 샌들을 착용할 경우 입장이 제한될 수 있으니 적절한 신발을 준비해 주세요.",제주특별자치도 서귀포시 1100로 882,(+82) 064-738-4544,https://www.seogwipo.go.kr/healing/index.htm,연중무휴/ 평일: 09:00 ~ 18:00(입장 시간: 17:00까지) / 주말: 09:00 ~ 18:00(입장 시간: 17:00까지),"성인: 1,000원 / 청소년: 600원 / 어린이: 300원 / 경로인, 장애인: 무료(1-3급 동반 1인까지)",1~2시간 / 경사 난이도: 중,https://drive.google.com/u/0/drive-viewer/AKGpihYwPdQu9nCOkPwcW4LHiM9z7UAXFrZJx_J-ReDmAu2P4o8h2A6lqsrtlFsTNZzVeHTtNDSF9MqUHNrZrblk6P2fUFoxihSeKAg=s1600-rw-v1,https://www.visitjeju.net/kr/detail/view?contentsid=CONT_000000000500327
13,숲길,붉은오름 자연휴양림,"33.401882, 126.675437","휴가의 백미는 ‘역시 바다야!’라고 외치는 사람이 있는 반면, 진정한 휴가는 ‘휴양림이지~’ 하는 숲매니아들도 있어요. 어디를 가든 마음의 안정을 찾을 수 있지만, 붉은오름자연휴양림은 '숲의 바다'라 할 정도로 울창한 천연 숲이 지친 마음을 시원하게 위로해 줄 수 있는 휴양지로 안성맞춤이에요. 이곳은 한라산 동쪽, 서귀포시 남조로 근처에 위치해 있으며, 입구 옆으로는 샤려니숲길도 이어져 있어 인기가 많아요. 붉은오름은 붉은 색을 띠는 흙 때문에 붙여진 이름인데, 휴양림 뒤편에 우뚝 솟아 있어요. 휴양림 앞 해맞이숲길을 따라 말찻오름 정상에서 떠오르는 일출을 감상할 수 있는 것도 큰 매력 중 하나예요.

또한, 이곳에는 무장애숲길이 조성되어 있어요. 1km가 조금 넘는 이 숲길은 산책로 바닥 전체가 방부목으로 되어 있어 장애인도 쉽게 걸을 수 있어요. 점자 안내판과 함께 남녀노소 모두가 누릴 수 있는 유니버셜 디자인으로 설계된 길이죠. 무장애숲길 중간에 위치한 생태연못에서는 커다란 금붕어도 볼 수 있어요.

휴양림 내에는 목재문화체험장, 아로마테라피실, 편백삼나무체험실이 있어 신선한 기운을 얻을 수 있고, 숙박지구는 제주 전통가옥 형태로 지어져 있어요. 4인실~8인실로 구성된 독채 숙박 시설은 가족이 함께 머물기에 좋으며, 최근에는 새로운 숲속야영장도 오픈해 캠핑족들에게 매력적인 장소가 되었어요. 텐트를 설치할 수 있는 데크와 오토 캠핑도 가능해, 모든 캠퍼들이 편리하게 이용할 수 있답니다.

새벽에는 말찻오름에서 일출을 감상하고, 한낮에는 삼나무숲 평상에 누워 자연의 공기를 호흡해보세요. 에어컨이 필요 없을 만큼 신선한 공기 속에서 스르르 잠이 들 수 있어요. 다음 날에는 붉은오름을 오르며 다양한 야생식물들과 노루를 만나며 자연 속에서 머리와 마음을 힐링하는 특별한 시간을 가져보는 건 어떨까요?",제주특별자치도 서귀포시 표선면 남조로 1487-73,(+82) 064-760-3559,https://www.foresttrip.go.kr/indvz/main.do?hmpgId=ID02030014,연중무휴 / 3월~10월: 08:00~18:00(매표마감:17:00) / 11월~2월: 09:00~17:00(매표마감 16:00),"성인: 1,000원 / 청소년, 군인: 600원",1~2시간 / 경사 난이도: 상,https://drive.google.com/u/0/drive-viewer/AKGpihbMRu3qzyTElpAXW4Okd8LYtZLk4tmd0FHsb29NUZ_LfFO9ttc5W8V8Z85EIbgod0aHmzIE799A6K1fsCL18akAC0U1JEyLwNQ=s1600-rw-v1,https://www.visitjeju.net/kr/detail/view?contentsid=CONT_000000000500266
14,숲길,천아숲길 천아계곡,"33.397180, 126.459872","천아숲길은 돌오름에서 천아수원지까지 이어지는 10.9km의 구간으로, 중간에 돌오름, 노로오름, 천아오름 등이 위치해 있어요. 숲길 초입에서 천아계곡을 만나게 되는데, 특히 가을에는 이 계곡의 단풍이 매우 아름다워 많은 사람들이 단풍 구경을 위해 찾는 곳이에요. 숲길은 이 계곡을 건너야 하기 때문에 우천 후 2일 간은 안전상의 이유로 입산이 통제돼요.

천아수원지에서 계곡 바로 앞까지 차량 진입이 가능하지만, 진입로 자체가 훌륭한 산책로여서 천아수원지 입구에 주차하고 걷는 것을 추천해요. 천아수원지부터 돌오름까지는 임도삼거리, 노로오름, 표고재배장을 거쳐 가게 되며, 약 3시간 40분이 소요돼요. 왕복 거리가 길기 때문에 편도로 가는 여행객은 버스를 이용하는 것이 좋아요. 숲길은 다소 난이도가 있으므로 운동화나 등산화를 신는 것이 좋답니다.",제주특별자치도 제주시 애월읍 봉성리 산 1,(+82) 064-738-4280,https://www.hallatrail.or.kr/,.,.,.,https://drive.google.com/u/0/drive-viewer/AKGpihaQ7deah1-OdmjZUG_y0AtMnCIGJke4HWoiAoZ2RkWiJwCi5q6yOUzV18g-uXlVriRDHV1ymEFN2UeWaccCZKxP0vnerM5Qd1A=s2560,https://www.visitjeju.net/kr/detail/view?contentsid=CNTS_000000000022704
15,숲길,납읍난대림 금산공원,"33.433860, 126.331004
","제주시 애월읍 납읍리 마을에 인접한 약 일 만평의 넓은 면적에 위치한 '금산공원'은 울창한 상록수림으로 유명해요. 이곳은 자연림의 원형이 보존된 표본지역으로, 원식생 연구에 중요한 기초 자료를 제공하고 있어 학술 자원으로서 가치가 매우 높아요. 이 때문에 이 지역은 문화재보호법에 따라 천연기념물로 지정되어 보호받고 있으며, 납읍난대림지대로 알려져 있죠.

이곳은 제주시 서부 지구에서 평지에 남아 있는 유일한 상록수림으로, 상록교목을 비롯한 약 60여 종의 난대성 식물이 자라고 있어요. 원시적인 경관이 그대로 보존된 이곳에서는 수목가지의 절취, 식물 채취, 야생 동물의 포획 등 자연을 훼손하는 모든 행위가 엄격히 금지되어 있어 자연 그대로의 아름다움을 유지하고 있답니다.",제주특별자치도 제주시 애월읍 납읍리 1457-1,(+82) 064-710-6653,https://www.visitjeju.net/kr/detail/view?contentsid=CNTS_000000000000974,.,.,.,https://drive.google.com/u/0/drive-viewer/AKGpihbdCQ4ZDTjnLBAIywbbq0M-c0plycDYMrGHBUlqicEgk9IBGj5C3uW5kxXiv6Q6nfhHLuXEoHNqpXcZbPvyeFC_w018mzf0u1o=s1600-rw-v1,https://www.visitjeju.net/kr/detail/view?contentsid=CNTS_000000000000974
16,숲길,삼다수숲길 지질트레일,"33.420832, 126.666626","삼다수 숲길은 지역 주민들이 오가던 임도를 정비해 비교적 최근에 조성된 탐방로예요. 원래 이 지역은 말 방목터와 사냥터로 사용되었는데, 1970년대에 심은 삼나무들이 30m 남짓한 거목으로 자라 울창한 숲을 이루고 있어요. 제주특별자치도 개발공사와 교래리 주민들은 이 숲 사이에 길을 닦아 ‘삼다수숲길’로 명명하고 2010년에 개장했어요. 2018년에는 교래 삼다수마을이 제주도의 13번째 지질공원 대표 명소로 지정되면서 지질트레일로 관리되고 있답니다. 태고의 경관미를 간직한 이 숲길은 2010년 우리나라의 아름다운 숲으로 선정되었어요.

<지질트레일 코스>
- 1코스 꽃길: 약 1.2km(30분 소요), 난이도 하  
  교래종합복지관 → 숲길 입구 → 붓순나무 군락지 → 산목련 자생지 → 숲길 입구 → 교래종합복지관  

- 2코스 테오리길: 약 5.2km(3시간 소요), 난이도 중  
  교래종합복지관 → 숲길 입구 → 산목련 자생지 → 붓순나무 군락지 → 아아용암단면 → 제주조릿대길 → 삼나무 조림지 → 숲길 입구 → 교래소공원  

- 3코스 사농바치길: 약 8.2km(4시간 소요), 난이도 상  
  교래종합복지관 → 숲길 입구 → 산목련 자생지 → 붓순나무 군락지 → 아아용암단면 → 제주조릿대길 → 잣성 → 노릿물 → 박새 군락지 → 삼나무 조림지 → 숲길 입구 → 교래소공원  ",제주특별자치도 제주시 조천읍 교래3길 98,(+82) 064-782-1746,https://www.visitjeju.net/kr/detail/view?contentsid=CNTS_000000000021527,.,.,.,https://drive.google.com/u/0/drive-viewer/AKGpihZTR-bR_i3NamYEOfbDi9Fh1dWdLZl6gQI_VeYIvbDC9XvJRhagdChEDzp8qLSE5XFgRnw9KXlNdl25m79aLsnkrJydhFweQXU=s1600-rw-v1,https://www.visitjeju.net/kr/detail/view?contentsid=CNTS_000000000021527
17,오름,서우봉,"33.545453, 126.677531","함덕서우봉해변 옆에 위치한 '서우봉'은 봄에 샛노란 유채꽃이 활짝 피어나 제주의 대표적인 관광 명소 중 하나예요. 이곳은 올레길 19코스 '조천-김녕 올레'의 일부로, 둘레길과 산책길을 따라 서우봉을 돌아볼 수 있어요. 가을에는 주황색 코스모스가 장관을 이루며, 특히 11월 중순까지는 시든 꽃이 많지 않아 여전히 아름다운 모습을 감상할 수 있어요. 평일에도 많은 관광객이 서우봉의 코스모스 밭을 보기 위해 찾는답니다.

서우봉 둘레길은 봉우리를 돌아볼 수 있는 코스고, 산책로는 함덕리 주민들이 직접 낫과 호미만으로 2년에 걸쳐 조성한 약 2.5km의 길이에요. 산책로 곳곳에는 앉아서 경치를 감상할 수 있는 정자도 마련되어 있으며, 제주어와 표준어로 적힌 재미있는 팻말들이 있어 걷는 재미를 더해줘요.

참고로, 오름들은 주소가 산지로 되어 있어 내비게이션으로 정확한 위치를 찾기 어려울 수 있고, 주차장이 없는 경우도 많아요. 또한 일부 오름은 사유지로 출입이 제한되거나 통제되는 경우도 있으니, 방문 전에 제주관광정보센터(064-740-6000) 등을 통해 정확한 정보를 확인하고 방문하는 것이 좋습니다.",제주특별자치도 제주시 조천읍 함덕리 169-1,.,https://visitjeju.net/kr/detail/view?contentsid=CONT_000000000500335,.,.,.,https://drive.google.com/u/0/drive-viewer/AKGpihZz0JnQ9aAA14It27yzd0brh4-e1gq6CzfqYAit6dOJOb23us8NUKMKH-Qch2tJ5K4SCiHizeZRy9kgFtfMy7y1kWiBuIEd2gc=s1600-rw-v1,https://visitjeju.net/kr/detail/view?contentsid=CONT_000000000500335
18,오름,성산일출봉,"33.462181, 126.936234","성산일출봉은 제주도의 다른 오름들과는 달리 물속에서 마그마가 분출하여 만들어진 수성화산체예요. 화산활동 시 뜨거운 마그마가 차가운 바닷물과 만나면서 화산재가 습기를 머금어 끈끈한 성질을 띠게 되었고, 그 화산재가 층을 이루며 쌓여 성산일출봉이 형성되었어요.

바다 근처 퇴적층은 파도와 해류에 의해 침식되면서 지금처럼 가파른 경사를 가지게 되었고, 원래는 제주 본토와 떨어진 섬이었지만, 시간이 지나 모래와 자갈이 쌓이면서 간조 때 본토와 연결되는 길이 생겼어요. 1940년에는 도로가 생겨 육지와 완벽하게 이어졌답니다.

성산일출봉 정상에 오르면 너비 8만여 평의 오목한 분화구를 볼 수 있어요. 분화구 안에는 억새가 자라고 있고, 둘레에는 99개의 봉우리가 성을 둘러싼 듯한 모습을 보여주어 '성산'이라는 이름이 붙었으며, 해가 뜨는 장관 때문에 '일출봉'이라는 이름이 더해졌어요.

성산일출봉의 가파른 계단 길을 오르면 약 20분 만에 정상에 도달할 수 있어요. 정상에서 바라보는 웅장한 분화구와 바다의 풍경은 제주의 다른 오름들과는 확연히 다른 느낌을 줍니다. 이곳에서 보는 일출은 영주10경 중 으뜸으로 꼽히며, 매년 12월 31일 성산일출축제가 열리기도 해요.

성산일출봉은 2000년 7월 19일 천연기념물로 지정되었고, 2007년 7월 2일에는 UNESCO 세계자연유산에 등재되었으며, 2010년 10월에는 UNESCO 세계지질공원 인증을 받았어요. 2011년 대한민국 자연생태관광 으뜸명소, 2012년 한국관광 기네스 12선에도 선정된 아름다운 명소랍니다.",제주특별자치도 서귀포시 성산읍 일출로 284-12,(+82) 064-783-0959,https://visitjeju.net/kr/detail/view?contentsid=CONT_000000000500349&menuId=DOM_000001718000000000#p1,3~9월: 7:00~20:00(18시 50분 매표 마감) / 10~2월: 7:30~19:00(17시 50분 매표 마감) / 매달 1번째 월요일 정기 휴관,"개인 (성인 5,000원 / 청소년, 군인 2,500원 / 어린이 2,500원), 단체 (성인 4,000원 / 청소년, 군인 2,000원 / 어린이 2,000원)",1시간 미만 / 경사 난이도: 상,https://drive.google.com/u/0/drive-viewer/AKGpihaC03It1Kp84Hy1yp8gDOacNPkWxrEro5eMBx8STguTPO1FI5YKMwlUbsHAhVvuEmm4mRa-NpLUZXzpz-tA5WdnTOIMsr4gnVM=s1600-rw-v1,https://visitjeju.net/kr/detail/view?contentsid=CONT_000000000500349&menuId=DOM_000001718000000000#p1
19,오름,산굼부리,"33.434970, 126.688253
","산굼부리는 제주특별자치도의 천연기념물 제263호로 지정된 분화구로, '굼부리'는 화산체의 분화구를 의미하는 제주 방언이에요. 360여 개의 한라산 기생화산 중 하나이지만, 다른 화산들과는 달리 매우 큰 분화구를 가지고 있다는 점이 특징이에요. 산체에 비해 분화구의 크기가 상대적으로 커서 독특한 지형을 이루고 있죠.

산굼부리는 다양한 희귀식물이 자라는 '분화구 식물원'으로도 유명해요. 이곳의 식생은 한라산 동부의 원래 식생을 유추할 수 있는 중요한 단서가 되기 때문에 보호되고 있어요. 지질학적 가치 또한 높아 학문적 연구에서도 매우 중요한 장소로 평가받고 있어요.

가파르지 않은 길을 따라 천천히 오르면 금세 정상에 도착할 수 있고, 정상에 비치된 망원경으로 주변의 성산일출봉과 여러 오름들을 보다 생생하게 감상할 수 있어요.

특히 가을의 산굼부리는 억새가 은빛 물결을 이루며 하늘과 어우러져 아름다운 풍경을 자아내며, 많은 사람들이 가을 풍경을 즐기기 위해 이곳을 찾습니다. 그러나 산굼부리는 사계절 내내 각기 다른 식물들이 피어나며 계절마다 새로운 풍경을 선사하기 때문에 어느 계절에 방문하더라도 멋진 경관을 만날 수 있는 곳이에요.",제주특별자치도 제주시 조천읍 비자림로 768,(+82) 064-783-9900,http://www.sangumburi.net/,"3~6월, 9~10월: 9:00~18:40(18시 입장 마감) / 7~8월, 11~2월 9:00~17:40(17시 입장 마감)","개인 (성인 7,000원 / 청소년, 어린이 6,000원 / 경로, 도민, 국가유공자, 장애인 5,000원), 단체 (성인 6,000원 / 청소년, 어린이 5,000원) / 경로, 도민, 국가유공자, 장애인 5,000원",1~2시간 / 경사 난이도: 상,https://drive.google.com/u/0/drive-viewer/AKGpiha60dDfpVIoprK9Armis8-uC5J1-DPpicawSZXR5IY67Wy5go3fR4Q_fBGCUxz6LJXiGGn-DPHG669nPc2kJf4Hk530jjwRp9A=s2560,https://visitjeju.net/kr/detail/view?contentsid=CONT_000000000500283&menuId=DOM_000001718000000000#p1
20,오름,새별오름,"33.365978, 126.356397
","새별오름은 서부 중산간 지역에 밀집해 있는 여러 오름들 중에서 으뜸으로 꼽히는 대표적인 오름이에요. '샛별처럼 외롭게 서있다'는 이유로 새별오름이라는 이름이 붙여졌고, 아름다운 풍경 덕분에 성이시돌목장과 왕따나무와 함께 많은 관광객이 찾는 명소 중 하나랍니다.

경사는 약간 있지만, 해발 519.3m로 그리 높지 않아서 정상까지 약 30분이면 오를 수 있어요. 정상에 오르면 서쪽의 아름다운 해변과 비양도가 한눈에 보이는데, 특히 경치가 매우 아름다워요. 오름의 남쪽 봉우리를 중심으로 남서, 북서, 북동 방향으로 능선이 이어져 있고, 각각의 능선마다 봉우리가 자리하고 있어 마치 별표 모양을 이루고 있죠. 서쪽은 넓게 열려 있고, 북쪽은 우묵하게 파여 있는 특징을 가지고 있어요.

이곳은 대체로 풀밭이지만, 북쪽 사면에는 일부 잡목이 자라고 있으며, 서북쪽 사면에는 공동묘지가 있어요. 

참고로, 오름들은 주소가 산지로 되어 있어 내비게이션으로 정확한 위치를 찾기 어려울 수 있고, 주차장이 없는 경우도 많아요. 또한 일부 오름은 사유지로 출입이 제한되거나 통제되는 경우도 있으니, 방문 전에 제주관광정보센터(064-740-6000) 등을 통해 정확한 정보를 확인하고 방문하는 것이 좋습니다.",제주특별자치도 제주시 애월읍 봉성리 산 59-8,(+82) 064-728-2753/064-728-2762,https://visitjeju.net/kr/detail/view?contentsid=CONT_000000000500309&menuId=DOM_000001718000000000#p1,무료,.,1시간 미만,https://drive.google.com/u/0/drive-viewer/AKGpiha_IJH97SwJ3QvM1GrB6nOF3CEcbyNEOfqyGjeqobxk5Iqzp1hwLfarrzKnan2qWH7SSFOP8LalmyKsyX654nDxg09JxoGAkFY=s1600-rw-v1,https://visitjeju.net/kr/detail/view?contentsid=CONT_000000000500309&menuId=DOM_000001718000000000#p1
21,오름,아부오름,"33.447642, 126.777260
","산의 모양이 움푹 파여 마치 어른이 믿음직하게 앉아있는 모습과 닮아 '아부오름(亞父岳)'이라는 이름으로 불려요. 오름은 둘레까지 오르기 쉬워 제주 오름의 모습을 가까이에서 느낄 수 있는 곳으로 최근 인기를 얻고 있어요. 정상에 오르면 둥근 굼부리가 파여 있고, 굼부리 안에 자리한 원형 삼나무숲이 특히 주목받고 있어요.

오름은 바깥 둘레 약 1400m, 바닥 둘레 500m, 화구 깊이는 78m로 전 사면이 완만한 경사를 이루고 있어요. 화구의 일부는 자연 침식으로 스코리아층의 단면을 관찰할 수 있는 특징을 가지고 있죠. 대부분 풀밭으로 이루어진 오름에는 인공으로 심은 삼나무와 함께 상수리나무, 보리수나무가 자라고 있으며, 송양지꽃, 풀솜나물, 향유, 쥐손이풀, 청미래덩굴, 찔레 등 다양한 식물들이 서식하고 있어요. 

참고로, 오름들은 주소가 산지로 되어 있어 내비게이션으로 정확한 위치를 찾기 어려울 수 있고, 주차장이 없는 경우도 많아요. 또한 일부 오름은 사유지로 출입이 제한되거나 통제되는 경우도 있으니, 방문 전에 제주관광정보센터(064-740-6000) 등을 통해 정확한 정보를 확인하고 방문하는 것이 좋습니다.",제주특별자치도 제주시 구좌읍 송당리 산 164-1,.,https://www.visitjeju.net/kr/detail/view?contentsid=CONT_000000000500407,.,.,.,https://drive.google.com/u/0/drive-viewer/AKGpihaBgrLEyci_HBdOukP8wYPtWpPn9Fh6SkTUKqfUawBNAdA3cd4uTMcSxePPKbTp6zECwlAVczKmfDK8BeslP_ETM7E-NwLpl50=s1600-rw-v1,https://www.visitjeju.net/kr/detail/view?contentsid=CONT_000000000500407
22,오름,용눈이오름,"33.461267, 126.833555","구좌읍에 위치한 용눈이오름은 해발 247.8m, 높이 88m, 둘레 2,685m의 규모를 가진 오름으로, 제주도의 360여 개의 오름들 중에서 유일하게 3개의 분화구를 가지고 있는 독특한 오름이에요. 봄과 여름에는 푸른 잔디가, 가을과 겨울에는 억새가 오름을 덮어 계절마다 색다른 매력을 보여줍니다. 인체의 곡선처럼 부드러운 능선을 가진 이 오름은 특히 사진작가들에게 인기가 많아요. 한가운데 움푹 파인 분화구는 용이 누운 자리 같아 '용와악(龍臥岳)', 용이 놀았던 자리라는 뜻으로 '용유악(龍遊岳)', 그리고 용의 얼굴처럼 보인다고 해서 '용안악(龍眼岳)'이라고도 불리죠.

용눈이오름은 경사가 완만하고 길이가 짧아 남녀노소 누구나 쉽게 오를 수 있는 산책하기 좋은 오름이에요. 오름을 한 바퀴 도는 데는 약 1시간이 걸리며, 가벼운 산책으로 제주의 자연을 느낄 수 있어요. 여름에는 푸른 잔디와 시원한 바람, 방목된 말들이 풀을 뜯는 모습과 함께 멀리 보이는 성산일출봉과 우도의 모습이 어우러져 청량한 풍경을 즐길 수 있습니다. 가을에는 억새가 피어나면서 스몰 웨딩을 하려는 사람들에게도 인기 있는 장소로 변해요.

사계절 모두 아름다운 풍경을 선사하는 용눈이오름은, 제주의 자연을 가볍게 만끽하고 싶은 사람들에게 추천할 만한 장소랍니다. 

참고로, 오름들은 주소가 산지로 되어 있어 내비게이션으로 정확한 위치를 찾기 어려울 수 있고, 주차장이 없는 경우도 많아요. 또한 일부 오름은 사유지로 출입이 제한되거나 통제되는 경우도 있으니, 방문 전에 제주관광정보센터(064-740-6000) 등을 통해 정확한 정보를 확인하고 방문하는 것이 좋습니다.",제주특별자치도 제주시 구좌읍 종달리 산28,.,https://visitjeju.net/kr/detail/view?contentsid=CONT_000000000500466&menuId=DOM_000001718000000000#p1,.,.,.,https://drive.google.com/u/0/drive-viewer/AKGpihbKP97KxzFBzztr7p1zDrik5LzGmGn9etMNKj2gVWtgkUrgPUDo2sWuPhFG_4BuYdYPNGKyx1lC7ADR0KZvb_sQNSSwMlh-vg=s1600-rw-v1,https://visitjeju.net/kr/detail/view?contentsid=CONT_000000000500466&menuId=DOM_000001718000000000#p1
23,오름,다랑쉬오름,"33.475024, 126.826507","다랑쉬오름은 그 이름과 모양에 대해 두 가지 설이 있어요. 하나는 분화구가 달처럼 둥글게 보인다고 해서 '다랑쉬', '도랑쉬', '달랑쉬'로 불렸다는 설이고, 또 하나는 높다는 뜻의 '달'과 봉우리를 의미하는 '수리'가 합쳐져 '다랑쉬'가 되었다는 주장이에요. 다랑쉬오름의 모습은 두 가지 설 모두를 만족시킬 만큼 매력적이고 아름다워요. 꼭대기의 분화구는 쟁반처럼 둥글게 패여 있고, 송당 일대 어디서나 볼 수 있는 솟은 봉우리와 균형미가 오름의 여왕이라는 칭호에 걸맞아요. 특히 둥근 굼부리에서 떠오르는 보름달은 송당리만의 자랑거리로 여겨질 만큼 장관을 이룹니다.

지도상 원형을 띠는 다랑쉬오름은 지름이 약 1,013m, 둘레가 3,391m에 이르는 비교적 큰 오름이에요. 사면은 급경사를 이루고 있고, 산정에는 크고 깊은 원형 분화구가 패여 있어요. 이 분화구의 바깥 둘레는 약 1,500m, 깊이는 한라산 백록담과 동일한 115m라 해요. 제주 설화에 따르면, 설문대 할망이 치마로 흙을 나르다 다랑쉬오름에 흙을 너무 많이 쌓아 탁 쳐서 패이게 한 것이 현재의 분화구가 되었다고 해요. 

참고로, 오름들은 주소가 산지로 되어 있어 내비게이션으로 정확한 위치를 찾기 어려울 수 있고, 주차장이 없는 경우도 많아요. 또한 일부 오름은 사유지로 출입이 제한되거나 통제되는 경우도 있으니, 방문 전에 제주관광정보센터(064-740-6000) 등을 통해 정확한 정보를 확인하고 방문하는 것이 좋습니다.",제주특별자치도 제주시 구좌읍 세화리 2705,(+82) 064-740-6000,https://visitjeju.net/kr/detail/view?contentsid=CONT_000000000500118&menuId=DOM_000001718000000000#p1,.,.,.,https://drive.google.com/u/0/drive-viewer/AKGpihYEfG9Sv1wgDranGH8LDyGxI8OwUPS1KSkde76T9JOktHJdAj5N9UYJdLPSqmW3AsrMv-TMvLwQNzud_lqQTeUyDhv23IXpTmU=s1600-rw-v1,https://visitjeju.net/kr/detail/view?contentsid=CONT_000000000500118&menuId=DOM_000001718000000000#p1
24,오름,백약이오름,"33.437197, 126.790163","백약이오름은 제주도 표선면 성읍2리 입구에서 북동쪽 약 3.5km 지점에 위치한 오름으로, 구좌읍 송당리와의 접경에 자리하고 있어요. 예로부터 다양한 약초가 자생하고 있어 '백약이오름(百藥岳)'이라는 이름이 붙여졌어요. 오름은 둥글넙적한 분화구(굼부리) 형태를 띠고 있으며, 그 안에는 층층이꽃, 향유, 쑥, 방아풀, 꿀풀, 쇠무릎 등 다양한 약초가 자생하고 있어요.

백약이오름을 탐방하기 위해서는 제주시에서 동부산업도로를 따라 약 40분 정도 달리면 성읍2리 성읍목장 입구에 도착할 수 있어요. 목장을 지나 좌측의 시멘트 포장길을 따라가면 목부들의 쉼터인 독립 가옥이 나오고, 그 집 너머로 백약이오름이 보이죠. 오름까지는 약 30분 정도의 산행이 필요하며, 정상에 오르면 마치 원형 경기장을 연상시키는 굼부리가 나타나게 됩니다.

정상에서는 트랙 모양의 산정부를 따라 주변의 여러 오름들을 조망할 수 있어요. 동쪽으로는 좌보미와 암설류의 언덕들, 동북쪽으로는 동거미오름과 문석이오름, 그리고 그 뒤편에 우뚝 솟은 높은오름을 볼 수 있습니다. 북쪽으로는 넓게 패인 아부오름, 서쪽으로는 민오름과 비치미, 남서쪽으로는 개오름, 그리고 남쪽으로는 멀리 영주산까지도 감상할 수 있어요.

*오름 식생복원과 보전관리를 위하여 백약이오름 정상부 가장 높은 봉우리 지역 일부 자연휴식년제 연장 (2024.08.01~별도 고시일까지)
정상부를 제외한 나머지는 코스는 출입 및 등반이 가능합니다.",제주특별자치도 서귀포시 표선면 성읍리 산 1,.,https://visitjeju.net/kr/detail/view?contentsid=CONT_000000000500232&menuId=DOM_000001718000000000#p1,.,.,왕복 약30~40분 (정상둘레길 탐방시 약 30분 추가),https://drive.google.com/u/0/drive-viewer/AKGpihbRmHHn8GeC9NbvH9oK5jNZe7GI7ad6lp0AmAHJ_6HB2Ebf3_aGYxoiYHH0k1-uHJBbaUCCcHT9IX0DCJr6JnznaCBkRQo76A=s1600-rw-v1,https://visitjeju.net/kr/detail/view?contentsid=CONT_000000000500232&menuId=DOM_000001718000000000#p1
25,오름,따라비오름,"33.387488, 126.754317
","따라비오름은 제주도 표선면 가시리에 위치해 있고, 3개의 분화구(굼부리)와 6개의 봉우리로 이루어진 오름이에요. 화산이 폭발하면서 분출된 용암이 부드러운 산세를 만들어냈고, 가을이 되면 오름 전체가 억새로 덮여 정말 아름다워요. 이런 억새 풍경에 취한 사람들은 따라비오름을 '오름의 여왕'이라고 부르기 시작했어요. 오름 초입부터 억새가 바람에 흐드러지며, 넓은 평원이 하얀 억새로 채워져 있답니다. 많은 탐방객들이 억새 사이에 몸을 숨기고 인생 사진을 남기기도 해요.

따라비오름 정상까지는 30분 정도 걸리며 누구나 쉽게 오를 수 있어요. 계단길을 따라 오르면 갑자기 시야가 확 트이면서 경이로운 풍경이 펼쳐져요. 굼부리와 능선이 감미로운 곡선을 이루고, 억새 뒤로 큰사슴이오름(대록산)과 풍력발전단지가 햇살 아래에서 멋지게 보여요. 따라비오름 산정부는 억새의 바다 같아서 바람에 은빛 파도가 일렁이는 것처럼 느껴져요. 능선을 따라 걷든 굼부리 사잇길을 지나든, 따라비오름에서는 모든 것이 그림처럼 아름다워요. 특히 해가 지평선에 가까워질 때 금빛으로 물드는 풍경은 정말 장관이에요. 제주 토종 억새는 10~11월에 절정을 이루며 겨울까지 그 생명력과 정취를 유지한답니다.

또한 가시리 갑마장길(20km)은 따라비오름과 큰사슴이오름을 포함한 트레킹 코스로, 가을 정취를 만끽하며 걷기에 딱 좋은 길이에요. 

참고로, 오름들은 주소가 산지로 되어 있어 내비게이션으로 정확한 위치를 찾기 어려울 수 있고, 주차장이 없는 경우도 많아요. 또한 일부 오름은 사유지로 출입이 제한되거나 통제되는 경우도 있으니, 방문 전에 제주관광정보센터(064-740-6000) 등을 통해 정확한 정보를 확인하고 방문하는 것이 좋습니다.",제주특별자치도 서귀포시 표선면 가시리 산 62,.,https://visitjeju.net/kr/detail/view?contentsid=CONT_000000000500168&menuId=DOM_000001718000000000#p1,.,.,"편도 약 20분, 분화구둘레길산책시 왕복 1시간~1시간 30분",https://drive.google.com/u/0/drive-viewer/AKGpihZqJDHjqWZNW192po7sij4oXV55bW2vass11V25skjwHNVxmppRVSvthYYeD5srFkDRhij79WhmUA2II2bR7tkvy4Z9BQ8tTN4=s2560,https://visitjeju.net/kr/detail/view?contentsid=CONT_000000000500168&menuId=DOM_000001718000000000#p1
26,오름,"윗세오름
(웃세오름)
","33.362374, 126.517468
","한라산 윗세오름은 한라산을 제외하고 가장 높은 오름이에요. 한라산 인근에 위치해 있으며, 어리목, 영실, 돈내코 코스를 이용해 등반할 수 있어요. 윗세오름은 3개의 오름을 통칭하는데, 윗세오름 휴게소와 백록담 사이에 있는 붉은오름, 휴게소에서 영실코스 방향으로 누운오름, 그리고 민오름과 백록담 동남벽을 전망할 수 있는 족은오름을 포함해요. 누운오름 아래에는 연중 물이 흐르는 노루샘이 있고, 고원습지에서는 백리향, 흰그늘용담, 설맹초 등이 자라요.

윗세오름에서는 백록담 자체를 볼 수는 없지만, 웅장한 백록담 동벽과 남벽의 풍경을 감상할 수 있답니다. 윗세오름에 가장 쉽게 오를 수 있는 방법은 영실탐방로를 이용하는 거예요. 영실휴게소에서 출발해 약 1시간 반 정도 오르면 평야처럼 펼쳐진 선작지왓을 만날 수 있어요. 이곳은 계절마다 다양한 야생화들이 피어나며, 해발 1,000m가 넘는 고지에서 느낄 수 있는 평온한 풍경을 제공해 줍니다.

한라산 등반 시 탐방로 출입 제한 시간이 있으니, 최소 5시간 정도의 시간 여유를 두고 계획하는 것이 좋아요. 

참고로, 오름들은 주소가 산지로 되어 있어 내비게이션으로 정확한 위치를 찾기 어려울 수 있고, 주차장이 없는 경우도 많아요. 또한 일부 오름은 사유지로 출입이 제한되거나 통제되는 경우도 있으니, 방문 전에 제주관광정보센터(064-740-6000) 등을 통해 정확한 정보를 확인하고 방문하는 것이 좋습니다.",제주특별자치도 제주시 애월읍 광령리 산 183-1,(+82) 064-713-9950,https://jeju.go.kr/hallasan/index.htm,.,.,.,https://drive.google.com/u/0/drive-viewer/AKGpihY760Ouh00BSiOp-W_IIazCxXN3N4fVzSOBlvysmQ-QtyclG3VTNUDRZ95e3kMEkKPbwfcdsqqVLz3HIZxDS-YKpeoH-9oYwg0=s1600-rw-v1,https://visitjeju.net/kr/detail/view?contentsid=CNTS_000000000018435&menuId=DOM_000001718000000000#p1
27,오름,거문오름,"33.457032, 126.714339
","거문오름은 해발 456m(둘레 4,551m)의 오름으로, 거문오름 용암동굴계를 형성한 모체로 알려져 있어요. 숲이 우거져 검게 보여 '검은 오름'이라 불렸다고 전해져요. 제주도의 오름 중 유일하게 유네스코 세계자연유산에 등재되었는데, 이는 거문오름에서 흘러나온 용암류가 북동쪽 해안까지 흘러가며 지질학적으로 중요한 화산 지형과 용암 동굴을 만들어냈기 때문이에요. 거문오름 주변의 용암동굴은 세계적으로도 큰 규모로 알려져 있어요.

거문오름은 북동쪽 산사면이 터진 말굽형 분석구의 형태를 띠고 있으며, 정상에 오르면 거문오름 용암동굴계를 만든 화산의 분화구가 한눈에 들어와요. 분화구 안에는 작은 봉우리들이 솟아있고, 그 주변으로 다양한 화산 지형들이 발달해 있어요. 용암동굴을 비롯해 수직동굴, 풍혈(바람 구멍) 등을 관찰할 수 있어 지질학적 학습에도 가치가 있어요. 또한, 일본군이 태평양 전쟁 때 만든 군사 시설들도 있어 역사 탐방지로도 활용되고 있답니다.

자연유산으로 등재된 이후, 거문오름 트레킹은 예약제로 운영되고 있어요. 탐방안내소 내 전시 갤러리와 4D극장, 자연유산 전시관은 화요일을 제외한 날에 예약 없이 관람이 가능해요. 트레킹 예약은 탐방 희망일의 전 달 1일부터 선착순으로 진행되고 당일 예약은 불가하니 미리 예약하는 것이 좋아요.

[거문오름 탐방로 안내] • 정상코스: 약 1.8km (약 1시간 소요) • 분화구코스: 약 5.5km (약 2시간 30분 소요) • 전체코스: 약 10km (약 3시간 30분 소요)

예약과 자세한 사항은 미리 확인해 주세요. ",제주특별자치도 제주시 조천읍 선교로 569-36,(+82) 064-710-8981,https://www.jeju.go.kr/wnhcenter/black/black.htm,"매주 화요일 휴무 / 전화예약 및 인터넷 예약은 탐방 희망 전 달 1일부터 선착순으로 이뤄지고, 당일 취소자 발생 시 현장 대기 후 매표 가능",평일: 09:00 ~ 13:00 / 주말: 09:00 ~ 13:00,"성인 2,000원 / 청소년, 어린이 1,000원 / 경로인, 장애인: 무료",https://drive.google.com/u/0/drive-viewer/AKGpihZVVuDmelEz4yEg-1rTJMTVfSK0ecI8BclEk-NYjbna05n3AiNAkohlJOXRVeaF7TLHEIEP6D8mih2ps8GN_UYkV54SDzl9Rw=s2560,https://visitjeju.net/kr/detail/view?contentsid=CONT_000000000500034&menuId=DOM_000001718000000000#p2
28,오름,도두봉,"33.508525, 126.469009","제주 공항 바로 옆에 위치한 오름은 경사가 완만하고 오르기 쉬운 곳이에요. 남쪽 사면은 풀밭으로 이루어져 있으며, 듬성듬성 해송이 자라고 있어요. 북쪽 사면은 삼나무와 낙엽수 등이 어우러져 숲을 이루고 있답니다. 이 오름에는 두 개의 봉우리가 있는데, 동쪽 봉우리가 더 높아요. 주변에는 국수나무, 팥배나무, 덜꿩나무, 예덕나무 외에도 새우란, 바람꽃 등 여러 종류의 야생식물이 자라고 있어요. 오르다 보면, 정상에서 제주국제공항에 비행기가 이륙하고 착륙하는 모습을 볼 수 있고, 바다 전망과 함께 장관을 이룹니다.

참고로, 오름들은 주소가 산지로 되어 있어 내비게이션으로 정확한 위치를 찾기 어려울 수 있고, 주차장이 없는 경우도 많아요. 또한 일부 오름은 사유지로 출입이 제한되거나 통제되는 경우도 있으니, 방문 전에 제주관광정보센터(064-740-6000) 등을 통해 정확한 정보를 확인하고 방문하는 것이 좋습니다.",제주특별자치도 제주시 도두동 산 1,.,https://visitjeju.net/kr/detail/view?contentsid=CONT_000000000500143&menuId=DOM_000001718000000000#p2,.,.,.,https://drive.google.com/u/0/drive-viewer/AKGpihbCkOPgG05EDbwyT1ud9bGxL_5zL4qZGylcarj3MxyvU5a5u9CGdu8sp1D3YgRTNbDfq3mXA6N3Y_nIrq6FiGX2C-cJdNYe1t8=s1600-rw-v1,https://visitjeju.net/kr/detail/view?contentsid=CONT_000000000500143&menuId=DOM_000001718000000000#p2
29,오름,"군산 (군산오름,코메오름)","33.251876, 126.368120
","군산은 대정의 난드르(대평리의 넓은 들)를 병풍처럼 에워싸고 있는 오름이에요. 화산쇄설성 퇴적층으로 이루어진 기생화산 중에서 제주도에서 가장 큰 규모를 자랑해요. 정상에는 용 머리처럼 솟아오른 두 개의 뿔바위가 있고, 동남쪽 사면에는 애기업게돌 등 차별 침식으로 형성된 기암괴석들이 자리하고 있어요. 탐방로는 포장되어 있어 쉽게 오를 수 있으며, 걸어서 30분 정도면 정상에 도착할 수 있답니다. 정상에서는 한라산, 중문관광단지, 마라도, 산방산까지 서귀포 일대를 한눈에 내려다볼 수 있으며, 특히 일출 풍경이 장관으로 알려져 있어요.

참고로, 오름들은 주소가 산지로 되어 있어 내비게이션으로 정확한 위치를 찾기 어려울 수 있고, 주차장이 없는 경우도 많아요. 또한 일부 오름은 사유지로 출입이 제한되거나 통제되는 경우도 있으니, 방문 전에 제주관광정보센터(064-740-6000) 등을 통해 정확한 정보를 확인하고 방문하는 것이 좋습니다.",제주특별자치도 서귀포시 안덕면 창천리 산 3-1,.,https://visitjeju.net/kr/detail/view?contentsid=CONT_000000000500068&menuId=DOM_000001718000000000#p2,.,.,1시간 미만 / 경사 난이도: 하,https://drive.google.com/u/0/drive-viewer/AKGpihYOCrYlKYkM4JC90H6Wm5RSaMwWscfStNz3SekDLZ-cHA9BRpy6-crO_b0QITn6aV4nkuGzb5GwhV0JXg-3MH2WljL7CoCCHg=s1600-rw-v1,https://visitjeju.net/kr/detail/view?contentsid=CONT_000000000500068&menuId=DOM_000001718000000000#p2
30,오름,지미봉,"33.496690, 126.906627
","종달마을 입구 동북 방향에 위치한 지미봉은 원뿔 모양의 동쪽 봉우리가 정상으로, 북쪽에서 보면 두 개의 봉우리로 이루어져 있어요. 서북쪽 기슭에는 하도리 창흥동 양어장이 있으며, 이 지역은 철새도래지로 유명해요. 특히 겨울철에는 저어새, 도요새, 청둥오리 같은 겨울 철새들이 찾아와 겨울을 보내죠. 지미봉 정상에서는 성산일출봉, 우도, 종달항과 종달리 앞바다까지 한눈에 내려다볼 수 있어요. 지미봉은 올레길 21코스에 자리하고 있어 많은 올레길 관광객들이 찾는 명소예요.

오름 꼭대기에는 봉수대의 흔적이 남아 있는데, 과거에는 북서쪽으로 왕가 봉수와, 남동쪽으로 성산 봉수와 교신했다고 해요. 지미봉이라는 이름은 제주 섬의 꼬리 부분에 해당된다고 하여 붙여진 것이며, 한자로는 지미봉(地尾峰)이라고 표기해요. 이곳은 속칭 '땅끝'이라고도 불려요.

참고로, 오름들은 주소가 산지로 되어 있어 내비게이션으로 정확한 위치를 찾기 어려울 수 있고, 주차장이 없는 경우도 많아요. 또한 일부 오름은 사유지로 출입이 제한되거나 통제되는 경우도 있으니, 방문 전에 제주관광정보센터(064-740-6000) 등을 통해 정확한 정보를 확인하고 방문하는 것이 좋습니다.",제주특별자치도 제주시 구좌읍 종달로1길 91-16,.,https://visitjeju.net/kr/detail/view?contentsid=CONT_000000000500610,.,.,.,https://drive.google.com/u/0/drive-viewer/AKGpiha3DrAUg3eh4jaKxZpES8NBc24jP-P-P-ghgDwJygG2TIqeKY9U49Mz2PJ3xcxVXO5j8cxpRgnz2Mo4RpArG2bGDGijAd8gzn4=s1600-rw-v1,https://visitjeju.net/kr/detail/view?contentsid=CONT_000000000500610
31,오름,성널오름,"33.334948, 126.617085
","한라산을 관통하는 제1횡단도로의 중간 지점에 위치한 성널오름 입구는 해발 750.2m로, 이 도로상 가장 높은 지점이에요. 이곳은 남북 제주를 잇는 고갯마루 역할을 하며, 한라산 동쪽 척릉을 타고 오르는 등산 코스의 시작점이기도 해요. 성널오름 입구에는 국립공원 관리사무소와 휴게소 매점, 넓은 주차장도 갖춰져 있어 등산객들에게 편리한 장소예요.

성널오름은 중턱에 널 모양의 암벽이 있어 마치 성벽처럼 보이는 특징이 있어요. 성판악이라는 이름도 이 성벽 같은 모습에서 유래했답니다. 성널오름 서쪽에는 '족은속밭'이라는 초원이 있는데, 이곳에서는 다양한 나비와 산새 소리, 방목된 우마들이 어우러진 평화로운 경치를 감상할 수 있어요.

성널오름 북서쪽의 초원은 예전에는 소나무와 삼나무로 가득했지만, 현재는 그 옛 모습을 찾기 어려운 상태예요. 이곳을 방문할 때는 탐방 경로와 출입 제한 정보 등을 꼭 확인하는 것이 좋아요.

참고로, 오름들은 주소가 산지로 되어 있어 내비게이션으로 정확한 위치를 찾기 어려울 수 있고, 주차장이 없는 경우도 많아요. 또한 일부 오름은 사유지로 출입이 제한되거나 통제되는 경우도 있으니, 방문 전에 제주관광정보센터(064-740-6000) 등을 통해 정확한 정보를 확인하고 방문하는 것이 좋습니다. 또한 사라오름 호수 내부는 출입이 엄격히 금지되어 있으니 방문 시 유의하시기 바라요.",제주특별자치도 서귀포시 남원읍 신례리,(+82) 064-710-7826,https://www.jeju.go.kr/hallasan/info/info/realtime/course03.htm,.,.,.,https://drive.google.com/u/0/drive-viewer/AKGpihZ3tz2L8ys7N67GmK9rfE88omu2Jl1hVzjekqvjkatSc2JIqV2W9xDd6JIqLWEGjDN3aGlJ4jXt9SUB0DnqsFxoZoFhegSG0Q=s1600-rw-v1,https://visitjeju.net/kr/detail/view?contentsid=CONT_000000000500345&menuId=DOM_000001718000000000#p2
32,오름,사라오름,"33.369308, 126.572109
","한라산 고지대의 백록담 동록, 성판악 등반코스 남측에 위치한 사라오름은 서귀포시 남원읍과 제주시 조천읍의 경계에 걸쳐 있어요. 이 오름은 산정에 물이 고여 있는 몇 안 되는 산정화구호를 가지고 있는데, 그 중에서도 가장 높은 표고에 자리 잡고 있는 산정화구호 중 하나예요. 접시 모양의 화구호는 깊지는 않지만 둘레가 약 250m에 이르고, 화구의 전체 둘레는 약 1.2km에 달해요.

장마철에는 분화구 가득 물이 차올라 신비로운 사라오름의 풍경을 만날 수 있어요. 때로는 물이 많아 데크가 잠기기도 하는데, 그럴 때는 신발을 벗고 바지를 걷어야 건너갈 수 있을 정도로 물이 차가워요. 심지어 한여름에도 물이 매우 차갑지만, 그럼에도 불구하고 사라오름을 찾는 이들이 많답니다. 겨울에는 호수가 꽁꽁 얼어 거대한 아이스링크장을 방불케 하고, 설록과 함께하는 겨울 풍경은 장관을 이루어 등산 매니아들에게 인기예요.

이 산정화구호 주변은 풍수지리적으로 명당으로도 손꼽히는 곳으로 알려져 있어요.

참고로, 오름들은 주소가 산지로 되어 있어 내비게이션으로 정확한 위치를 찾기 어려울 수 있고, 주차장이 없는 경우도 많아요. 또한 일부 오름은 사유지로 출입이 제한되거나 통제되는 경우도 있으니, 방문 전에 제주관광정보센터(064-740-6000) 등을 통해 정확한 정보를 확인하고 방문하는 것이 좋습니다.",제주특별자치도 서귀포시 남원읍 신례리 산 2-1,(+82) 064-710-7826,https://visitjeju.net/kr/detail/view?contentsid=CONT_000000000500278&menuId=DOM_000001718000000000#p2,.,.,.,https://drive.google.com/u/0/drive-viewer/AKGpiha_qEeKWVUQlMgCYJqVds0xIskkWgEqyLTG1GoBebvxJVyKlUW-chkl6WqdN1wwGGPRG9e1XZF8Ni8FWDheCAS6z851QpzAI_A=s1600-rw-v1,https://visitjeju.net/kr/detail/view?contentsid=CONT_000000000500278&menuId=DOM_000001718000000000#p2
33,오름,금악오름(왕매),"33.355777, 126.305597
","금악오름은 한림읍 금악리 금악마을에 위치한 오름으로, 평탄한 지형 위에 고고하게 서 있어요. 이 오름의 특징은 남북으로 나뉜 두 개의 높은 봉우리와 산정화구호를 가지고 있다는 점이에요. 예전에 이 화구호는 수량이 풍부했으나, 지금은 바닥이 드러나 있고 비가 오면 물이 고이긴 하지만 오래 머물지 않는다고 해요. 이 화구호는 왕매라고 불려요.

금악오름은 '금오름'으로도 불리며, 이름에서 신성함을 뜻하는 '검', '감', '곰', '금' 등의 어원을 가지고 있어 예로부터 신성시되었던 오름이에요. 오름에는 해송, 삼나무, 찔레, 보리수 등이 자생하고 있어요.

정상에 올라가면 아름다운 분화구의 능선과 함께 한라산, 비양도, 금악마을을 한눈에 볼 수 있고, 오름 주변의 평화로운 목가적인 풍경도 감상할 수 있어요. 일몰 명소로도 유명해 해 질 무렵 많은 사람들이 찾는 장소로 입소문을 탔답니다.

주차장이 넓어 주차하기 편하고, 시멘트로 조성된 길이 있어 걷기 좋으며, 그늘이 많아 여름철에도 비교적 시원하게 걸을 수 있어요. 특히, 일몰이 아름다워 일몰 풍경을 즐길 수 있는 장소를 찾는다면 금악오름을 추천해요.
 
참고로, 오름들은 주소가 산지로 되어 있어 내비게이션으로 정확한 위치를 찾기 어려울 수 있고, 주차장이 없는 경우도 많아요. 또한 일부 오름은 사유지로 출입이 제한되거나 통제되는 경우도 있으니, 방문 전에 제주관광정보센터(064-740-6000) 등을 통해 정확한 정보를 확인하고 방문하는 것이 좋습니다.",제주특별자치도 제주시 한림읍 금악리 산 1-1,(+82) 064-740-6000,https://visitjeju.net/kr/detail/view?contentsid=CNTS_000000000019460&menuId=DOM_000001718000000000#p2,.,무료,1~2시간 / 경사 난이도: 중,https://drive.google.com/u/0/drive-viewer/AKGpiha0m3JbMvifCewoKslgFgltVoeau9bzeAow0CCG2MiwhVO8VAMJKNt-RXljtInBqusjVclr33_NINvD8dh8OsAMWDqYgwA3zyc=s1600-rw-v1,https://visitjeju.net/kr/detail/view?contentsid=CNTS_000000000019460&menuId=DOM_000001718000000000#p2
34,오름,"당산봉(당오름,차귀오름)","33.307519, 126.172212","당산봉은 제주시 한경면에 위치한 오름으로, 올레 12코스의 끝자락에 자리하고 있으며 세계지질공원의 주요 명소 중 하나로 꼽혀요. '당산봉'이라는 이름은 이곳에 오래전 뱀을 제사 지내는 신당(차귀당)이 있었기 때문에 붙여진 이름이에요. 당산봉은 물과 마그마의 폭발적인 반응으로 형성된 수성화산체로, 서귀포시 안덕면에 있는 산방산과 용머리와 함께 제주도에서 가장 오래된 화산체 중 하나예요.

당산봉은 A코스(15분)와 B코스(40분)로 나뉘어 있어, 자신의 일정에 맞춰 코스를 선택할 수 있어요. 정상에 오르면 거북바위와 전망대를 만날 수 있고, 전망대에서는 북쪽으로 신창 풍차해안도로, 남쪽으로는 수월봉과 산방산까지 이어지는 푸른 해안선을 감상할 수 있어요. 한경면의 평온한 평야 풍경도 함께 즐길 수 있어 일품이에요.

참고로, 오름들은 주소가 산지로 되어 있어 내비게이션으로 정확한 위치를 찾기 어려울 수 있고, 주차장이 없는 경우도 많아요. 또한 일부 오름은 사유지로 출입이 제한되거나 통제되는 경우도 있으니, 방문 전에 제주관광정보센터(064-740-6000) 등을 통해 정확한 정보를 확인하고 방문하는 것이 좋습니다.",제주특별자치도 제주시 한경면 고산리 산 15,.,https://visitjeju.net/kr/detail/view?contentsid=CONT_000000000500128&menuId=DOM_000001718000000000#p2,.,.,.,https://drive.google.com/u/0/drive-viewer/AKGpihaDsj1GRe2SfQQKQBIUkJZW_dstMTa-KoDeIz7XWZ9Nd4KI3_AAH28senxGGAVDkfZZ4bKbxMkynT6wZ3xZpywKmKrYWBt1ytM=s1600-rw-v1,https://visitjeju.net/kr/detail/view?contentsid=CONT_000000000500128&menuId=DOM_000001718000000000#p2
35,오름,물영아리오름,"33.369328, 126.693630
","한라산 하늘 아래 펼쳐진 평온한 산정 호수, 물영아리오름은 제주의 다른 오름들과는 달리 신비로움을 간직하고 있어요. 물영아리오름의 정상에는 푸른 습지가 있어, 이곳은 국제 람사르가 지정한 제주 5대 습지 중 하나로 꼽히죠. 이 원형 분화구는 항상 물이 고여 있고, 계절과 날씨에 따라 다양한 풍경을 선사해요. 맑은 날엔 하늘이 거울처럼 반사되고, 흐린 날엔 안개로 가득해 몽환적인 분위기를 자아낸답니다.

물영아리오름은 영화 ‘늑대소년’의 촬영지로도 유명해요. 오름 입구에선 넓게 펼쳐진 들판을 지나며 초지에 풀을 뜯는 소들을 만나볼 수 있고, 삼나무 숲을 지나 오르면 본격적인 탐방이 시작돼요. 가파른 계단을 오르다 보면 쉼터에서 한숨 돌리며 울창한 숲의 정취를 만끽할 수 있고, 정상에 오르면 멋진 습지가 눈앞에 펼쳐져 모든 고단함이 사라지죠.

정상에서 10분 정도 더 걸으면 전망대에 도착해, 제주 동부의 오름 군락이 파노라마처럼 펼쳐지는 장관을 볼 수 있어요. 또한, 오름을 내려가는 길에는 현무암으로 쌓아올린 잣성을 볼 수 있는데, 이는 조선시대 목장과 관련된 중요한 기록이에요.

계절마다 다른 풍경을 선사하는 물영아리오름, 신비로운 산정 호수를 경험하고 싶다면 한 번쯤 방문해보는 걸 추천해요.

위 글의 출처는 제주관광공사에 있습니다.  

참고로, 오름들은 주소가 산지로 되어 있어 내비게이션으로 정확한 위치를 찾기 어려울 수 있고, 주차장이 없는 경우도 많아요. 또한 일부 오름은 사유지로 출입이 제한되거나 통제되는 경우도 있으니, 방문 전에 제주관광정보센터(064-740-6000) 등을 통해 정확한 정보를 확인하고 방문하는 것이 좋습니다.",제주특별자치도 서귀포시 남원읍 남조로 988-11,(+82) 064-728-6200,https://www.visitjeju.net/kr/detail/view?contentsid=CONT_000000000500202,.,.,.,https://drive.google.com/u/0/drive-viewer/AKGpihYTJbiw03Di37gNQnquaUO_eTTawnpcfMLKD0LhHYYnmJMx6KgNoJtFT2UKukKgQfhWNnX1rbkhoUYJRtGV_47CfBuRngJxeSU=s1600-rw-v1,https://www.visitjeju.net/kr/themtour/view?contentsid=CNTS_200000000011955
36,오름,안돌오름,"33.457278, 126.756088
","구좌읍 송대천간 도로 주변에는 나란히 세 개의 오름이 서 있어요. 왼쪽에는 거슨세미, 오른쪽에는 안돌오름과 밧돌오름이 자리 잡고 있죠. 그중에서도 안쪽에 자리한 안돌오름은 '안돌오름(內石岳)'이라 불리며, 송당공동묘지 쪽으로 돌아 들어가면 오름 앞에 도착할 수 있어요.

안돌오름은 북서쪽 봉우리가 정상이고, 남동쪽 봉우리와의 사이에 골이 패여 말굽형 화구를 이루고 있어요. 그 특징은 화구 안쪽의 골이 패인 곳에만 나무가 우거져 있어 자연림을 이루고 있다는 점이에요. 나머지 사면은 매끈한 풀밭으로 이루어져 있답니다.

참고로, 오름들은 주소가 산지로 되어 있어 내비게이션으로 정확한 위치를 찾기 어려울 수 있고, 주차장이 없는 경우도 많아요. 또한 일부 오름은 사유지로 출입이 제한되거나 통제되는 경우도 있으니, 방문 전에 제주관광정보센터(064-740-6000) 등을 통해 정확한 정보를 확인하고 방문하는 것이 좋습니다. ",제주특별자치도 제주시 구좌읍 송당리 산 66-2,.,https://visitjeju.net/kr/detail/view?contentsid=CONT_000000000500413&menuId=DOM_000001718000000000#p3,.,.,.,https://drive.google.com/u/0/drive-viewer/AKGpihY6ylxuOhB4BHApmoO9btgOuwqpKGlfZvFB8JqTOxtmaLaOOtHeO4pzd4fWLk4jTTxcj__EYkjdeeh_8JsflBac5kvh3iEh_dQ=s1600-rw-v1,https://visitjeju.net/kr/detail/view?contentsid=CONT_000000000500413&menuId=DOM_000001718000000000#p3
37,오름,정물오름,"33.337894, 126.329883
","정물오름의 이름은 오름 앞에 위치한 '정물샘'에서 유래되었어요. 제주는 비가 많이 오는 지역이지만, 중산간 지역에서는 마실 물을 구하기가 어려웠어요. 그래서 이곳의 깨끗하고 양이 많은 정물샘은 귀하게 여겨졌고, 먼 마을 사람들까지도 물을 길어 갔을 정도였답니다.

정물오름은 사람뿐만 아니라 가축에게도 중요한 물 공급원이었어요. 이곳에는 제주에서 유명한 이시돌목장이 자리 잡고 있어서, 말들이 자유롭게 풀을 뜯는 모습을 보며 평화로운 풍경을 감상할 수 있어요. 정물오름을 오를 때는 왼쪽 길로 올라가서 한라산을 보며 오르고, 바다를 보며 내려오는 코스를 추천해요. 정상에 오르면 비양도와 금악오름, 한라산, 그리고 제주의 바다까지 한눈에 들어와 일몰 시간에 가면 더욱 아름다운 풍경을 볼 수 있어요.

참고로, 오름들은 주소가 산지로 되어 있어 내비게이션으로 정확한 위치를 찾기 어려울 수 있고, 주차장이 없는 경우도 많아요. 또한 일부 오름은 사유지로 출입이 제한되거나 통제되는 경우도 있으니, 방문 전에 제주관광정보센터(064-740-6000) 등을 통해 정확한 정보를 확인하고 방문하는 것이 좋습니다.",제주특별자치도 제주시 한림읍 금악리 산 52-1,.,https://visitjeju.net/kr/detail/view?contentsid=CONT_000000000500530,.,.,.,https://drive.google.com/u/0/drive-viewer/AKGpihZaaoYIh_p1b_8KvqqMAc-YpW7edpBxW3LSwDxlWUaHzHyqnkBpAsDnQmH_ZGAdP9a2nhgvkpHIKtXYYg1sbBhJ7drklLUdlJc=s1600-rw-v1,https://visitjeju.net/kr/detail/view?contentsid=CONT_000000000500530
38,오름,사려니오름,"33.339847, 126.645654","사려니오름은 남원읍 한남리에 있는 쓰레기 매립장 뒷편에 위치해 있어요. 매립장 옆길을 따라 들어가면 오름 자락까지 갈 수 있는데, 이 오름은 주변 오름들 중에서도 비고(높이)가 가장 높고 가파른 사면으로 이루어져 있어요. 동쪽 봉우리가 정상봉이고, 등성마루가 북서쪽과 북쪽으로 활처럼 휘어져 있으며, 북동쪽으로 깊게 패인 반달 모양의 말굽형 화구가 있어요.

사려니 화구의 뒷사면에는 이름을 알 수 없는 작은 화산체도 딸려 있는데, 이 지역은 삼나무 조림지로 덮여 있어 울창한 숲을 이루고 있어요. 사려니오름의 이름에 대한 정확한 어원은 알려지지 않았지만, 북동쪽으로 비스듬하게 트인 분화구의 모양 때문에 이런 이름이 붙여졌을 것이라고 추정해요. 옛 지도에서는 '사련악(四連岳)'으로 표기된 바 있어요.

소요시간 : 오름 등반 편도 20~30분 (전구간 탐방 시 약 2시간 30분)
 - A 구간 : 입구→산수국갈림길(1.7km 40분)
 - B 구간 : 산수국갈림길→전시림 갈림길(2.3km 60분)
 - C 구간 : 전시림 갈림길→사려니오름→입구(3.0km 80분) 

탐방예약
 - 산림청 예약페이지 : https://www.foresttrip.go.kr/indvz/main.do?hmpgId=ID05030007 (회원가입/로그인하여 예약 필요)
 - 예약시간 : 신청일 기준 3일 이후~8주 이전까지 예약 가능
 - 1인 최대 10명 예약가능 (본인 포함)

숲해설 프로그램
- 운영기간 : 2024. 5. 16. ~ 10. 31.
 - 이용시간 : 09:00, 13:00 (일 2회, 1회 최대 25명)  *매주 월화 휴무
 - 소요시간 : 해설 약 1시간 30분 (A,B 구간 동행해설)
 - 문의처 : 탐방안내 064-730-7272  

- 산불조심기간(매년 11월 1일~ 5월 15일) 탐방 불가
- 사려니숲에코힐링체험 기간 등 특별한 경우 예약 없이 등반 가능 

참고로, 오름들은 주소가 산지로 되어 있어 내비게이션으로 정확한 위치를 찾기 어려울 수 있고, 주차장이 없는 경우도 많아요. 또한 일부 오름은 사유지로 출입이 제한되거나 통제되는 경우도 있으니, 방문 전에 제주관광정보센터(064-740-6000) 등을 통해 정확한 정보를 확인하고 방문하는 것이 좋습니다.",제주특별자치도 서귀포시 남원읍 516로 1648-87,.,https://visitjeju.net/kr/detail/view?contentsid=CONT_000000000500279,"2024년 탐방기간 : 2024.5.16(목) ~ 2024.10.31(목) / 09:00~17:00 (16:00 마지막 입산, 17:00까지 하산) / 매주 월, 화 휴무",.,.,https://drive.google.com/u/0/drive-viewer/AKGpihZLDiaoylGTaVz3eVavpUITOSObOPbCSg3bMw9LWLD-zrEFr2L4K9Yg9WH17gl6IC34OkmX_ARiyKC5FuLwpJ34tYc5zsBLhRU=s1600-rw-v1,https://visitjeju.net/kr/detail/view?contentsid=CONT_000000000500279
39,해안,대포해안주상절리대,"33.238052, 126.426283","제주 중문·대포 해안 주상절리대는 서귀포시 중문동과 대포동 해안을 따라 약 3.5km에 걸쳐 분포되어 있어요. 이곳은 용암이 굳어지면서 형성된 클링커가 표면에 있어 거친 느낌을 주지만, 파도에 의해 침식된 부분에서는 주상절리의 아름다운 단면을 볼 수 있어요. 특히 높이가 20m 정도 되는 주상절리는 상부부터 하부까지 다양한 형태로 발달해 있으며, 4~6각형의 석주들이 조각 작품처럼 밀집되어 있는 모습이 인상적이에요.

이 주상절리는 현무암 용암이 굳으면서 나타난 지질현상과 해식작용으로 형성된 해안지형을 연구하고 관찰할 수 있는 중요한 지질 자원이에요. 학술적 가치뿐만 아니라 경관도 매우 뛰어난 곳이라 많은 사람들이 찾는 명소 중 하나랍니다.",서귀포 이어도로 36-30,(+82) 064-738-1521,https://www.visitjeju.net/kr/detail/view?contentsid=CNTS_000000000020476#,연중무휴 / 09:00~18:00(입장마감 17:40)*일몰시간에 따라 변동 가능,"성인: 2,000원 / 어린이, 청소년: 1,000원 / 경로인, 장애인: 무료",1시간 미만 / 경사 난이도: 중,https://drive.google.com/u/0/drive-viewer/AKGpihZAY45xQNimTKcgPz466HM9am5E7-BJE1QzqdEYGm1q_b4qBZ2u0EW_NYHvZI8eP7jF9bolDHQDysaq1h2UexC58PkShadNUA=s1600-rw-v1,https://www.visitjeju.net/kr/detail/view?contentsid=CNTS_000000000020476#
40,해안,한담해안산책로,"33.459132, 126.310516
","곽금올레길'로도 불리는 한담해안산책로는 애월항에서 곽지과물해변까지 이어지는 해안 산책로예요. 이곳은 길이가 1.2km로, 바로 옆에 파도가 첨벙거리는 해안을 따라 걸을 수 있어 자연과 경관이 어우러진 아름다운 산책로랍니다. 제주시가 2009년에 발표한 '숨은 비경 31곳' 중 하나로 선정될 만큼 매력적인 장소예요.

이 산책로는 용암이 굳어지면서 생긴 독특한 바위들이 시선을 끌고, 구불구불 이어진 검은 바위 해안이 산책의 재미를 더해줘요. 특히 제주 서쪽에 위치해 있어서 아름다운 일몰을 감상하기에 좋은 장소로 유명해요.

봄이 되면 산책로 주변으로 유채꽃이 피어나 제주 바다와 샛노란 유채꽃이 어우러지는 멋진 풍경을 볼 수 있어요. 야자나무와 유채꽃 사이로 애월 바다가 펼쳐져, 넓진 않지만 유채꽃밭과 바다를 함께 즐길 수 있는 특별한 공간이에요.",제주특별자치도 제주시 애월읍 곽지리 1359,.,https://www.visitjeju.net/kr/detail/view?contentsid=CNTS_000000000020159&menuId=DOM_000001718009000000,.,.,",",https://drive.google.com/u/0/drive-viewer/AKGpihZJOARV_B4426471WjmD_xMA38q-zeproE1XiyB48EO916yI5U_DY80TMklxGqmki05pGMO3L1QNfffqzNU2Ju3zzFu18mwnrA=s1600-rw-v1,https://www.visitjeju.net/kr/detail/view?contentsid=CNTS_000000000020159&menuId=DOM_000001718009000000
41,해안,서우봉,"33.545381, 126.677552
","함덕서우봉해변 옆에 위치한 '서우봉'은 봄에 샛노란 유채꽃이 활짝 피어나 제주의 대표적인 관광 명소 중 하나예요. 이곳은 올레길 19코스 '조천-김녕 올레'의 일부로, 둘레길과 산책길을 따라 서우봉을 돌아볼 수 있어요. 가을에는 주황색 코스모스가 장관을 이루며, 특히 11월 중순까지는 시든 꽃이 많지 않아 여전히 아름다운 모습을 감상할 수 있어요. 평일에도 많은 관광객이 서우봉의 코스모스 밭을 보기 위해 찾는답니다.

서우봉 둘레길은 봉우리를 돌아볼 수 있는 코스고, 산책로는 함덕리 주민들이 직접 낫과 호미만으로 2년에 걸쳐 조성한 약 2.5km의 길이에요. 산책로 곳곳에는 앉아서 경치를 감상할 수 있는 정자도 마련되어 있으며, 제주어와 표준어로 적힌 재미있는 팻말들이 있어 걷는 재미를 더해줘요.

참고로, 오름들은 주소가 산지로 되어 있어 내비게이션으로 정확한 위치를 찾기 어려울 수 있고, 주차장이 없는 경우도 많아요. 또한 일부 오름은 사유지로 출입이 제한되거나 통제되는 경우도 있으니, 방문 전에 제주관광정보센터(064-740-6000) 등을 통해 정확한 정보를 확인하고 방문하는 것이 좋습니다.",제주특별자치도 제주시 조천읍 함덕리 169-1,.,https://visitjeju.net/kr/detail/view?contentsid=CONT_000000000500335,.,.,",",https://drive.google.com/u/0/drive-viewer/AKGpihbuwqVNneOYxfPbPP7qYbq4E0LBRfg8MFRVlcq5V1cY_inEAizu-a0w4jSN67gGk8cWj1uUUmnrv8SZaIvOFfcnkLukIMeAMA=s1600-rw-v1,https://visitjeju.net/kr/detail/view?contentsid=CONT_000000000500335
42,해안,검멀레해변,"33.507115, 126.954792
","검멀레 해수욕장은 우도봉 아래에 숨겨진 작은 협곡 속 해변이에요. 폭이 약 100m 정도로 크진 않지만, 검은 모래 해변에서 모래 찜질과 함께 해수욕을 즐길 수 있는 매력적인 장소예요. '검멀레'라는 이름은 '검다'와 '모래'를 뜻하는 제주어에서 유래되었고, 이곳은 검은 모래가 특징인 해변이에요. 도로에서 해변까지는 계단으로 연결되어 있어서 접근이 편리해요.

해변 끝에는 전설이 깃든 동굴이 있는데, 이 동굴은 고래가 살았다는 이야기가 전해지며, 소의 콧구멍을 닮았다고 해서 '검은코꾸망'이라 불려요. 밀물 때는 동굴 윗부분만 보이지만, 썰물 때는 동굴 전체가 드러나 내부로 들어갈 수 있어요. 동굴 안에는 관광객들이 쌓아 올린 작은 돌탑들이 있으며, 한때 작은 음악회도 열렸을 정도로 넉넉한 규모를 자랑해요. '검은코꾸망'을 지나면 내부가 온통 붉은 또 하나의 동굴이 나타나는데, 이곳은 '붉은코꾸망'이라고 불리며, 동안경굴(東岸鯨窟)이라는 이름으로 우도 팔경 중 하나로 꼽혀요.

또한, 바다 쪽에서 우도의 비경을 감상하고 싶다면 보트를 타고 검멀레 주변을 둘러보는 것도 추천해요.",제주특별자치도 제주시 우도면 우도해안길,(+82) 064-728-3394,https://visitjeju.net/kr/detail/view?contentsid=CONT_000000000500046,.,.,",",https://drive.google.com/u/0/drive-viewer/AKGpihaEt1VQODUJ4opH52c9MvdB4pmNY4thpcx3I8rQReoYXjHHKGEgASpRgWQ5gI2gfkUY5AAPTVaByUZcVTn0O1DfkCm3wD6cACY=s1600-rw-v1,https://visitjeju.net/kr/detail/view?contentsid=CONT_000000000500046
43,해안,섭지코지,"33.424280, 126.931310","제주 동부 해안에 위치한 섭지코지는 성산일출봉을 배경으로 한 아름다운 해안 경관을 자랑하는 곳이에요. 들머리에는 신양해변의 백사장이 있고, 끝머리 언덕에는 유채밭과 제주조랑말이 한가롭게 풀을 뜯는 모습이 펼쳐져 있어요. 바위로 둘러싸인 해안 절벽과 우뚝 솟은 전설의 선바위 등 전형적인 제주의 자연미를 만날 수 있는 장소이기도 해요.

섭지코지는 다른 해안과 달리 송이라는 붉은 화산재로 이루어져 있고, 밀물과 썰물에 따라 드러나는 기암괴석들은 마치 자연이 펼치는 수석 전시회 같아요. 특히 무더운 여름밤에는 은은한 조명과 풀벌레 소리 속에서 야간 산책을 즐길 수 있어 낮과는 다른 낭만적인 분위기를 느낄 수 있답니다.

'섭지'는 재능 있는 인재가 많이 배출된다는 뜻이고, '코지'는 제주 방언으로 육지에서 바다로 돌출된 지형을 의미해요. 섭지코지를 역사와 과학적 시각으로 보면 더욱 흥미롭게 관찰할 수 있는데요, 예를 들어, 화산송이 언덕에 위치한 봉수대는 조선시대 왜구의 침입을 알리던 역사적 유물로, 당시의 긴박했던 상황을 상상하게 해줘요.

또한 섭지코지는 화산 폭발로 분출된 스코리아(분석)가 쌓여 형성된 곳으로, 과학적으로는 화산활동의 흔적을 관찰할 수 있는 자연 학습장이라 할 수 있어요. 선돌바위는 마그마가 굳어져 형성된 화산암으로, 이를 통해 육지 형성과정도 상상해볼 수 있죠.",제주 서귀포시 성산읍 고성리,(+82) 064-782-2810,https://visitjeju.net/kr/detail/view?contentsid=CONT_000000000500343&menuId=DOM_000001718000000000#p1,"연중무휴 / 평일 : 00:00 ~ 00:00 , 주말 : 00:00 ~ 00:00",무료,1시간 미만 / 경사 난이도: 상,https://drive.google.com/u/0/drive-viewer/AKGpihZXclipckEZLi6XxGuSP6_Kz6uVV59N82SgNCZVIVF9uRrbjnpw2Kp5yr7lgn_NXlFnXYxc-Dv65nOruXrYxQ4zVwhk0f3Ckw=s1600-rw-v1,https://visitjeju.net/kr/detail/view?contentsid=CONT_000000000500343&menuId=DOM_000001718000000000#p1
44,해안,산방산 용머리해안 지질트레일,"33.232941, 126.314363","한국의 아름다운 길로 선정된 형제 해안로를 포함한 산방산 용머리해안 지질트레일은 80만 년의 지구의 역사를 간직한 용머리해안과 웅장한 산방산을 중심으로, 주변 사계리·화순리·덕수리 마을의 명소와 흥미로운 이야기를 만날 수 있는 특별한 코스예요. 이 트레일은 세 가지 코스로 나뉘어 있어, 경유지를 보고 가장 매력적인 곳을 선택하는 즐거움도 있답니다.

<지질트레일 코스>

A코스 (대중적 코스): 4km로 약 2시간이 소요되며, 용머리해안 탐방을 포함하지 않으면 2km에 약 1시간 정도 걸려요. 대중에게 인기가 많은 코스예요.
B코스 (해안 및 산방산 경관 탐방 코스): 2.5km로 약 1시간이 소요되며, 해안과 산방산의 경관을 감상할 수 있는 짧고 아름다운 코스예요.
C코스 (지질 중심 코스): 5.7km로 약 2시간이 걸리며, 지질학적 특징을 중심으로 한 탐방을 즐길 수 있는 코스예요.",제주특별자치도 서귀포시 안덕면 사계북로41번길 192,(+82) 064-792-3363,https://visitjeju.net/kr/detail/view?contentsid=CNTS_000000000021380,.,.,",",https://drive.google.com/u/0/drive-viewer/AKGpihZNlPJy9A8of77lLAMz3W5IyE-RSj2wbd5t18Jft62orqX20G-yqV_DnrW7AhoLXRpxP25eGZZnzATSoVZ-boHhtdjBxO39drg=s1600-rw-v1,https://visitjeju.net/kr/detail/view?contentsid=CNTS_000000000021380
45,해안,외돌개,"33.240085, 126.545675
","제주 올레길 7코스의 시작점인 외돌개는 바다에서 20m 높이로 우뚝 솟아 있는 돌 기둥이에요. 바다 위에 홀로 서 있는 모습 때문에 '외돌개'라는 이름이 붙여졌죠. 또한 '장군석', '할망 바위'라는 이름으로도 불리는데, 최영 장군이 원나라와 싸울 때 이 바위를 장군처럼 꾸며 적군을 혼란에 빠뜨렸다는 설화가 전해져요. '할망 바위'라는 이름의 유래도 전설에서 비롯되었는데, 제주 사람들의 생활상도 엿볼 수 있는 흥미로운 이야기가 담겨 있어요.

이 외돌개는 화산 폭발로 인해 생성된 것으로 추정되며, 주변 암석들이 파도에 의해 침식되어 단단한 암석만 남은 굴뚝 모양의 돌 기둥이 되었어요. 이러한 형태를 과학적으로는 시스텍(Sea Stack)이라고 불러요. 외돌개의 꼭대기에는 소나무들이 자라며 한 폭의 그림 같은 풍경을 만들어내고, 보는 방향에 따라 다양한 모습을 보여줘 자연의 아름다움을 더욱 실감하게 해줘요.

주변에는 잘 조성된 산책로가 있어 멋진 경관을 감상하며 걷기에 아주 좋고, 제주에서만 볼 수 있는 독특한 풍경이 깊은 인상을 남겨요. 외돌개는 그 우직한 모습이 마치 넓은 바다 위에서 고요하게 세월을 견디는 듯한 느낌을 주며, 제주 여행 중 한 번쯤 꼭 들러볼 만한 명소로 추천돼요.",제주특별자치도 서귀포시 서홍동 791,(+82) 064-760-3192,https://visitjeju.net/kr/detail/view?contentsid=CNTS_000000000018409,연중무휴,.,1시간 미만 ,https://drive.google.com/u/0/drive-viewer/AKGpihZgafkMaANmo-tu_GNcBUOo70P_BfmReW5urx96a_Co0cW7CWMLYW2kZTEmV5bPb-3vLoJX8sVF6bBnYFcCHXv_dMMCvY8ZsQ=s1600-rw-v1,https://visitjeju.net/kr/detail/view?contentsid=CNTS_000000000018409
46,해안,송악산둘레길,"33.207769, 126.290873
","송악산 둘레길은 99개의 작은 봉우리가 모여 있는 송악산을 둘러싸고 있는 아름다운 길이에요. 이곳에서는 가파도, 형제섬, 그리고 마라도까지 한눈에 볼 수 있어 멋진 경관을 자랑하며, 세계적으로도 드문 이중 분화구가 있어 화산학적으로 중요한 장소로 평가받고 있어요. 송악산 둘레길은 경사가 완만해 누구나 쉽게 오를 수 있어 가족이나 반려동물과 함께 산책하기에 좋은 장소랍니다. 게다가 말 방목지가 있어 특별한 볼거리도 제공하고, 막힘 없이 부는 제주의 바람을 온몸으로 느낄 수 있죠.

푸른 바다를 배경으로 해안 절벽을 따라 걷다 보면 갈림길이 나오는데, 하나는 정상으로 가는 길이고, 다른 하나는 전망대로 이어지는 길이에요. 전망대에서 바라보는 풍경도 좋지만, 시간이 된다면 정상으로 가는 길도 추천해요. 약 15분 정도 가벼운 계단을 따라 올라가면 정상에서 탁 트인 바다를 바라볼 수 있어 더욱 인상적인 풍경을 즐길 수 있답니다.

또한, 송악산 둘레길은 일제강점기의 아픈 역사를 들여다볼 수 있는 장소로, 최근 다크투어리즘의 명소로 주목받고 있어요. 일제강점기 당시 일본군이 제주 주민들을 강제로 동원해 만든 해안 동굴인 '제주 송악산해안 일제동굴진지'를 비롯해, 인근의 '제주 셋알오름 일제 고사포진지', '제주 모슬포 알뜨르비행장 일제 지하벙커' 등 다양한 유적지가 남아 있어요. 제주의 아픈 역사를 되새기고 싶다면 송악산 둘레길을 시작으로 이러한 다크투어리즘 코스를 둘러보는 것도 의미 있는 여행이 될 거예요.",제주특별자치도 서귀포시 대정읍 송악관광로 421-1,,https://www.visitjeju.net/kr/detail/view?contentsid=CNTS_200000000014386,.,무료,1~2시간 / 경사 난이도: 하,https://drive.google.com/u/0/drive-viewer/AKGpihYDkHnAM7zhJreYNQ09VdnYQhWGb8nejjJZsZ7Rcnf3xvujmuzD3QlfaAGmPY7yyjN061y-slLL8mcLYrw1dGXIB78mGnk6zj0=s1600-rw-v1,https://www.visitjeju.net/kr/detail/view?contentsid=CNTS_200000000014386
47,해안,남원큰엉해변,"33.273283, 126.703472
","엉'은 제주도 방언으로 '언덕'을 뜻해요. 남원 큰엉은 그 이름처럼 큰 바위가 바다를 삼킬 듯 입을 벌리고 있는 모습에서 유래된 명칭이에요. 이곳은 절벽 위가 평지처럼 부드러운 잔디로 덮여 있어 아름다운 풍경을 자랑하죠. 절벽은 높이 30m, 길이 200m에 이르는 기암괴석으로, 오랜 세월 동안 파도가 밀려와 절벽을 감싸는 장관을 이루고 있어요. 이곳을 바라보고 있으면 자연의 순수함과 경이로움에 감동을 느낄 수 있어요.

남원 큰엉은 갯바위 낚시터로도 유명하고, 조용한 휴식처이자 연인들의 데이트 코스로도 많이 찾는 장소랍니다. 절경과 함께하는 이곳에서 여유로운 시간을 보내며 제주의 자연을 만끽할 수 있는 특별한 장소예요.",제주특별자치도 서귀포시 남원읍 태위로 522-17,(+82) 064-760-3192,https://www.visitjeju.net/kr/detail/view?contentsid=CNTS_000000000019750,"평일 : 00:00 ~ 00:00 , 주말 : 00:00 ~ 00:00",무료,1시간 미만 / 경사 난이도: 중,https://drive.google.com/u/0/drive-viewer/AKGpihagmvL55gimcWfXbhy2Qj3nhYuk24Qevhsmhjbht1V0Ok0x6Op1UwvsOgDt3vrn7S3rMY9v2IYKJkKLMA23vaHCd16DYy2rJVM=s1600-rw-v1,https://www.visitjeju.net/kr/detail/view?contentsid=CNTS_000000000019750
48,해안,새연교 - 새섬,"33.238603, 126.558930","‘새로운 인연을 만들어가는 다리’로 잘 알려진 새연교는 서귀포항과 새섬을 연결하는 다리예요. 이 다리는 서귀포 관광 미항의 랜드마크로, 관광객들이 좋은 인연을 맺어가길 바라는 의미를 담고 있어요. 차량은 출입할 수 없는 보도교로, 주변에는 보행 산책로, 새섬 산책로, 뮤직 벤치 등이 있어 천천히 걸으며 아름다운 경치를 감상하기 좋아요. 제주 올레길 6코스에 포함된 이후, 새연교를 찾는 방문객들이 점점 늘어나고 있으며, 이곳에서는 다양한 이벤트와 공연도 열려 관광객들에게 특별한 즐거움을 선사해요.

새연교를 건너면 만날 수 있는 새섬은 무인도로, 난대림 보호구역으로 지정된 생태 보호 구역이에요. 1.2km 길이의 산책로와 광장, 목재 데크, 자갈길, 숲속 산책로, 그리고 테마 포토존 등 다양한 편의시설이 마련되어 있어 여유로운 산책을 즐기기에 완벽한 장소예요. 특히 새연교의 개통으로 새섬도시자연공원이 전면 개방되어 서귀포의 새로운 관광 명소로 떠오르고 있어요. 새섬에서는 범섬, 문섬, 섶섬과 같은 아름다운 섬들이 푸른 바다 위로 펼쳐져 멋진 풍경을 감상할 수 있답니다.

새섬에서는 조용한 산책로를 따라 걷는 동안, 바다와 자연을 온전히 느낄 수 있는 특별한 경험을 할 수 있어요. 음악이 흐르는 뮤직 벤치와 함께, 바다를 바라보며 걷는 이 길은 짧은 산책을 하기에 안성맞춤이에요.",제주특별자치도 서귀포시 서홍동 707-4,(+82) 064-760-3471,"https://www.visitjeju.net/kr/detail/view?contentsid=CONT_000000000500312
https://www.visitjeju.net/kr/detail/view?contentsid=CONT_000000000500310","이용시간 : 시간 제한없으나 조명 점등시간 있음 
*새연교 점등시간: 하절기, 동절기 관계없이 일몰 후~23:30, 
*새섬 이용시간: 일출~22:00 (별도 입장마감 시간없으나, 보안등 22:00 소등) ",.,",",https://drive.google.com/u/0/drive-viewer/AKGpihbVJYqHzNTCgPqrrEZhU5kYenLt7hIcPUnz0NDerSfgcrHXO9oS1hstt8I9cnQ36romZneSLMqvrPpFITpEHSg0qV4S5Qn06pw=s1600-rw-v1,"https://www.visitjeju.net/kr/detail/view?contentsid=CONT_000000000500312
https://www.visitjeju.net/kr/detail/view?contentsid=CONT_000000000500310"
49,해안,애월해안도로,"33.477126, 126.360489
","애월해안도로는 제주 북서부 해안선을 따라 약 9km에 걸쳐 펼쳐진 드라이브 코스로, 제주의 아름다운 바다 풍경을 감상할 수 있는 명소예요. 이곳은 자전거 전용도로와 도보길도 잘 갖춰져 있어 드라이브뿐만 아니라 사이클링과 산책 등 다양한 방식으로 즐길 수 있어요. 특히, '제주 환상 자전거길'의 일부로 자전거 여행자들에게도 사랑받는 곳이에요.

이 도로는 해안 길과 숲 길을 모두 경험할 수 있는 제주올레길 16코스 고내-광령 올레의 일부로, 구불구불 이어지는 길을 따라 가다 보면 일몰이 아름다운 소금마을 구엄리의 돌염전 등 다양한 볼거리를 만나게 돼요. 주변에는 맛집과 카페, 숙박시설도 많아 여행객들이 제주 여행 코스로 자주 찾는 곳이기도 해요.",제주특별자치도 제주시 애월읍 애월해안로,(+82) 064-728-3394,https://www.visitjeju.net/kr/detail/view?contentsid=CONT_000000000500425,.,.,",",https://drive.google.com/u/0/drive-viewer/AKGpihaVwzHnp66cvkmtZf8vF4BZTcc-IJ1VvcGy3ObLfvWqbJKypu1-UK8ZSJ3B3prXn_EuysJ9SVlofRNa8l6LhHFlMXalnfnGs3U=s1600-rw-v1,https://www.visitjeju.net/kr/detail/view?contentsid=CONT_000000000500425
50,해안,월령선인장군락지,"33.377897, 126.215384
","제주 서쪽 해안가를 따라 이동하다 보면 독특한 매력을 가진 '월령리'라는 마을을 만나게 돼요. 월령리에서는 해안을 따라 높게 세워진 풍력발전기와 바위 틈, 마을 곳곳에 자리를 잡고 있는 '손바닥 선인장'을 쉽게 볼 수 있답니다. 이 선인장은 월령리의 자생종으로, 손바닥 모양을 닮아 그 이름이 붙여졌어요. 여름이 되면 까만 현무암 사이로 노란 꽃과 자색 열매를 맺어 아름다운 풍경을 연출해요.

또한 바다 한가운데에서는 커다란 풍력발전기가 바람에 의해 돌아가는 모습을 볼 수 있는데, 그 움직임이 자연과 기술의 조화로움 속에서 사람들의 호기심을 자극해요. 검은 돌 틈 사이로 자라난 선인장과 거대한 풍력발전기는 이국적인 분위기를 자아내며, 이곳을 찾는 사람들에게 색다른 매력을 선사한답니다.",제주특별자치도 제주시 한림읍 월령리 359-4,(+82) 064-796-2589,https://www.visitjeju.net/kr/detail/view?contentsid=CONT_000000000500494,.,.,",",https://drive.google.com/u/0/drive-viewer/AKGpihbJHUe-Z-DKP8qu-YHAbGuOJ7x4uMPfaTeB5Ifp0vwAju-hMswPUnCfRsanKKIP9ATCceVOcg6CKFSj17JxZtSMycKl9m7DPL4=s1600-rw-v1,https://www.visitjeju.net/kr/detail/view?contentsid=CONT_000000000500494
51,해안,엉알해안산책로,"33.307985, 126.164019
","제주 방언으로 '엉'은 벼랑이나 절벽을, '알'은 아래쪽을 뜻해요. 그래서 '엉알산책로'는 절벽 아래에 자리 잡은 산책로라는 의미를 가지고 있답니다. 엉알해안은 제주시 한경면 고산리에 위치하며, 제주의 숨은 비경 31곳에 선정된 곳이에요. 이곳은 화산재가 쌓여 만들어진 독특한 지층이 바다와 어우러진 아름다운 풍경을 자랑하며, 그 사이로 한적한 산책로가 이어져 있어요. 이 산책로는 수월봉에서 차귀도 포구까지 약 1km에 달하고, 제주올레 12코스와도 연결되어 있어요.

산책로의 시작점인 수월봉은 화산재가 층층이 쌓여 형성된 오름으로, 비록 산책로에 포함되진 않지만 정상에 올라서면 엉알해변과 차귀도, 산방산, 한라산까지 한눈에 조망할 수 있어요. 길을 걷는 동안 해안 절벽에 박혀 있는 다양한 화산암괴와 지층의 휘어진 탄낭구조를 볼 수 있으며, 일제강점기의 아픈 역사를 간직한 흔적들도 만나게 돼요.

산책로의 끝에 다다르면 차귀도 포구에 도착하는데, 차귀도는 해안 절벽과 기암괴석이 어우러진 절경을 자랑하는 곳이에요. 이곳 산책로는 특히 아름다운 낙조로 유명하며, 탁 트인 시야와 함께 바다 위로 지는 해를 감상하는 특별한 경험을 선사해줘요.",제주특별자치도 제주시 한경면 노을해안로 1143,(+82) 064-728-7952,https://www.visitjeju.net/kr/detail/view?contentsid=CNTS_000000000021531,"※ 2024.04.17부터 산책로 화산쇄설층 사면 일부 구간 붕괴로 일부 구간 통제 : 수월봉 쪽 입구 방면(정자, 진지동굴), 차귀포구 쪽 입구 방면 진입 통제",.,,https://drive.google.com/u/0/drive-viewer/AKGpihbbZRTbz7bE_SJks30MDDpyU4_VwDoEdhd7zTGu-y5oK3mS0Ab0jB0yvzYNLcp5tKIitVc1W2-Y0VBCp0qpR82AbSVhDsqjf60=s1600-rw-v1,https://www.visitjeju.net/kr/detail/view?contentsid=CNTS_000000000021531
52,해안,닭머르해안길,"33.537942, 126.613168
","제주 동쪽 바다와 함께 가을 해가 지는 아름다운 일몰을 사진에 담고 싶다면, 닭머르 해안길로 떠나보세요. 내비게이션에 '닭머르 해안길'을 검색하면 해안누리길 50코스로 안내되는데요, 닭머르 바위가 있는 곳은 입구에서 자동차로 약 3분 정도 떨어진 곳이니 도착 전에 주위를 잘 살펴보는 것이 좋아요. 해안누리길 50코스는 신촌리 어촌계 탈의장까지 약 1km 정도 이어진 산책로로, 대략 30분이 소요되며, 닭머르 바위와 함께 일몰을 감상하며 산책하기에 좋은 코스랍니다.

닭머르 바위는 닭이 흙을 파헤치고 그 안에 들어앉은 모습처럼 생겼다고 해서 붙여진 이름이에요. 이곳은 현지 도민들에게는 잘 알려진 장소지만, 여행객들에게는 아직 많이 알려지지 않은 숨은 명소예요. 그래서 한적하게 산책을 즐기며 사진을 찍기에도 아주 좋은 곳이에요. 닭머르 바위가 있는 장소는 나무 갑판 길로 이어져 있고, 그 길의 끝에는 해안정자가 자리하고 있어요. 특히 가을이 되면 억새가 풍성하게 자라, 사진 찍기에 좋은 배경을 만들어줘요.

이곳은 일몰 명소로도 손꼽히기 때문에 해가 지기 직전에 닭머르 바위와 함께 억새가 어우러진 풍경을 담으면 더없이 아름다운 장면을 연출할 수 있어요. 가을 해가 저물며 억새와 함께 만들어내는 멋진 조명 속에서 특별한 순간을 기록해보세요.",제주특별자치도 제주시 조천읍 신촌북3길 62-1,.,https://www.visitjeju.net/kr/detail/view?contentsid=CNTS_000000000019534,.,무료,",",https://drive.google.com/u/0/drive-viewer/AKGpihZTNcTlHKbmwhsM0bm-FtQqm0luHFDUbGc-8A62RsTufZ7AF0GqSSOUnOQfDQzuibk9E4dMOeOpkZYaSIUvDu_3doCXy0GjOPE=s1600-rw-v1,https://www.visitjeju.net/kr/detail/view?contentsid=CNTS_000000000019534
53,마을,외도 월대천,"33.493005, 126.436138
","월대천은 제주 외도 2동을 지나 바다로 흘러가는 하천으로, 알작지, 지석묘, 고망물 등 여러 마을 관광지들과 함께 주민들에게 사랑받는 여름철 명소예요. 특히 월대천이라는 이름은, 하늘에서 내려온 신선이 숲 사이로 떠오르는 달과 물가에 비친 달그림자를 보고 감탄하며 노니던 곳이라는 뜻에서 유래되었어요.

조선시대에는 많은 시인과 문객들이 이곳에서 시를 읊고 풍류를 즐겼다고 전해지는데요. 월대천을 따라 걸을 수 있는 산책로에는 수령 500년이 넘은 팽나무와 250년 가까이 된 소나무가 있어, 푸르게 물든 자연의 풍경을 감상할 수 있어요. 여름철이 되면 마을 아이들과 주민들이 나무 그늘과 물가에서 피서를 즐기는 장소로도 유명해요.

하천변은 넓고 깊지 않으며 바닥이 평평해, 아이들이 물놀이하기에도 안전한 곳으로 알려져 있어요. 또한, 월대천은 바다와 맞닿아 있어 예전에는 은어, 숭어, 뱀장어 등이 많이 서식했다고 해요. 덕분에 산책길에서 새들이 물가에서 노니는 모습도 자주 볼 수 있답니다.

월대천을 따라 걷다 보면 잔잔한 바다에 닿게 되는데, 바다와 이어지는 산책길 끝까지 걸으며 동네 골목과 예쁜 가게들, 바다 풍경을 즐길 수 있어 더욱 특별한 산책길이 돼요. 

​이 글은 제12기 제주시 SNS 시민기자단 김현주님이 쓴 글이에요",제주 제주시 외도이동 230-1,.,.,.,.,.,https://drive.google.com/u/0/drive-viewer/AKGpihYMfzkInI0Cttkl61bT4d6u68FPVVtzeTR361JCttgmxl4BuHGUwJiquAKHNVtuWuQIzv750ghIu2U6_2gYxSYhVfiWkblb4qo=s1600-rw-v1,
54,마을,상가리 폭낭거리,"33.449823, 126.345620
","제주도 애월읍(涯月邑)은 제주시에서 두 번째로 넓은 면적을 자랑하는 지역이에요. 그중에서도 상가리 마을은 100년이 넘는 진귤, 하귤 등 전통 감귤나무가 많은 동네로 유명해요. 이 마을에는 제주도 내 최고령 팽나무로 추정되는 폭낭거리가 있고, 마을창고를 개조해 만든 문화공간 가락에서는 농어촌 체험을 할 수 있어요.

상가리는 행복마을만들기 콘테스트에서 최우수상을 수상하며 본선에 진출했는데, 바쁜 농촌 생활 속에서도 본선에 선보일 작품을 준비하며 활기 넘치는 마을의 모습을 보여주고 있어요. 살아있는 박물관 같은 분위기가 마을 곳곳에서 느껴지는 특별한 곳이에요.

​이 글은 슈마여행의 재밌는 IT님이 쓴 글이에요",제주 제주시 애월읍 상가중길 23,.,.,.,.,.,https://drive.google.com/u/0/drive-viewer/AKGpihbVLYUJ8wDNI4ZdQmr_A-VG57R7eK5g-v3f73ESdPIhzVnP9n0ihsuFGxgX0ihvz1DQCLUAbK9A_-bkOj8eJ5_4J3vyh-j5Jg=s1600-rw-v1,
55,마을,용흥리 마을,"33.411559, 126.395021
","향기마을 용흥리는 한적한 산책로를 따라 감귤과수원과 동백나무 길을 지나며, 마을 곳곳에 그려진 아기자기한 벽화를 감상할 수 있는 곳이에요. 이곳은 감귤 향기 가득한 시골의 풍요로운 정취와 풍경을 느낄 수 있어요. 마을길은 평탄한 아스팔트로 되어 있어 휠체어 이용객의 접근성도 좋지만, 장애인 화장실이 없기 때문에 차량으로 약 10분 거리에 있는 하가못(연화못) 화장실을 이용해야 해요.

매년 6~7월에는 돌담 사이사이 빨갛게 익은 동백나무 열매를 볼 수 있고, 11월에서 1월까지는 마을 전체가 주황색 감귤로 물든 과수원 풍경을 감상할 수 있어요. 마을에는 올레길도 이어져 있어, 벽화를 배경으로 사진을 찍기 좋은 장소들이 많답니다. 특히 감귤 창고 벽면과 담벼락에 그려진 알록달록한 벽화들이 마을 곳곳에 있어, 산책하면서 아름다운 추억을 남기기 좋은 곳이에요.

​이 글은 두리함께님이 쓴 글이에요",제주 제주시 애월읍 신용리 144,.,.,.,.,.,https://drive.google.com/u/0/drive-viewer/AKGpihYc0DDCJkNW3IH71D1LPe_R4e0Pv9GylADFOnKJQqw7gFtGbkXB-nC-Pozv4sTbKdOeFZc1uYj1fdI3jC10Pn-MA_Iw23V6ZQ=s1600-rw-v1,
56,마을,두맹이골목,"33.512327, 126.533957
","두맹이골목은 제주시 일도2동에 위치한 벽화마을로, 예술인과 제주 학생들이 함께 만든 공간이에요. 이 골목은 제주시에서 가장 낙후된 지역 중 하나였지만, 2008년부터 문화거리 조성 프로젝트가 시작되면서 새로운 변화를 맞이했어요. 첫해에는 한국민족예술인총연합 제주도지회가 공공미술 공모사업을 통해 당선된 작품들을 골목에 벽화로 채우기 시작했답니다. 이후 제주 지역 대학생들과 인근 초등학교 학생들도 참여해 다양한 벽화들이 추가되었어요.

2009년 7월에는 제주시 숨은 비경 31곳 중 하나로 선정되었으며, 이곳을 방문하면 다양한 벽화를 감상하며 조용한 제주 마을을 거닐 수 있어요. 두맹이골목은 낙후된 지역을 예술로 재탄생시킨 공간으로, 제주만의 특별한 분위기를 느낄 수 있는 독특한 장소랍니다.",제주특별자치도 제주시 일도이동 1006-11 ,.,https://www.visitjeju.net/kr/ ,연중무휴,,,https://drive.google.com/u/0/drive-viewer/AKGpihYDRrnMaDJ_1kOdSdXyak7vQz7ekUXbaV00M7lG4eopBcXpHZYwBVFB8WpS2T5A_3Ohdue7GnkLYPr5on7jxUVtpt_Pp5QI2cc=s1600-rw-v1,https://korean.visitkorea.or.kr/detail/ms_detail.do?cotid=4349475d-71d2-4f68-9642-238e31fb6b79
57,마을,추억애거리,"33.505978, 126.465789
","도두동 추억애(愛)거리는 제주 올레길 17코스에 속해 있는 특별한 장소로, 동심을 자극하는 벽화와 조형물들이 가득한 곳이에요. 이 거리는 굴렁쇠 굴리기, 공기놀이, 고무줄놀이, 팽이치기, 딱지치기, 말타기 놀이와 같은 옛날 아이들의 놀이를 벽화로 담아내 복고적인 감성과 함께 어린 시절의 추억을 떠올리게 해요. 벽화와 방파제가 어우러진 배경 속에서 드넓은 바다까지 펼쳐져 있어, 방문자들에게 멋진 경관과 함께 아련한 추억을 선사해요.

도두 추억애거리에는 다양한 포토존이 마련되어 있어, 남녀노소 누구나 동심을 되찾을 수 있는 테마 거리로 사랑받고 있답니다. 이 거리는 특히 7080년대 감성을 담고 있어, 이제 성인이 된 어른들에게는 인생의 황금기를 떠올리게 하는 장소이기도 해요. 올레길을 따라 걷는 이들에게는 잠시 쉬어갈 수 있는 완벽한 쉼터로, 벤치와 쉼터도 중간중간 마련되어 있어 편안한 시간을 보낼 수 있어요.

또한, 이 거리는 이호 테우해변과 가까워, 말 등대를 볼 수 있는 특별한 경험을 할 수 있고, 공항과도 가까워 여행 중 잠시 들러 쉬어가기 좋은 곳이에요.",제주특별자치도 제주시 도공로 3-3,.,https://www.visitjeju.net/kr/detail/view?contentsid=CNTS_200000000008029,.,무료,.,https://drive.google.com/u/0/drive-viewer/AKGpihas4AvBTEGntECT5phJGz_UQBejtJiTZRZcWLgfLhKsc7TACqPOesdDIAGI1VoRaW-TxPLLvyN7lAcECq3IiawWd599_7_-Rz4=s2560,https://www.visitjeju.net/kr/detail/view?contentsid=CNTS_200000000008029
58,마을,김녕금속공예벽화마을,"33.557971, 126.746563
","김녕금속공예벽화마을은 제주올레 20코스의 시작점인 김녕리에서 아름다운 성세기 해변까지 약 3km 거리에 위치한 독특한 예술 마을이에요. 이 마을은 ‘다시방 프로젝트’에 의해 10명의 예술가들이 버려진 금속 제품과 제주 현무암을 활용해 마을을 예술로 탈바꿈시켰답니다. 특히 제주 해녀의 일생을 주제로 한 금속 조형물들이 건물마다 설치되어 있어, 길을 걷는 동안 총 29점의 다양한 작품을 만날 수 있어요.

이곳에서는 금속으로 만든 작품들과 더불어 벽화가 어우러져 있어, 기존의 벽화마을과는 다른 독특한 매력을 느낄 수 있답니다. 생생한 색감의 벽화와 함께 해녀들의 삶을 표현한 금속 공예품을 감상하다 보면 마음이 따뜻해지는 기분을 느낄 수 있어요. 다만, 이 마을은 실제 주민들이 거주하는 곳이기 때문에 방문할 때는 소란스럽게 떠들지 않고 예의를 지키는 것이 중요해요.",제주특별자치도 제주시 구좌읍 김녕항3길 18-16,(+82) 064-783-5040,https://www.visitjeju.net/kr/detail/view?contentsid=CNTS_000000000018472,.,.,.,https://drive.google.com/u/0/drive-viewer/AKGpihYmiq5ZXBrslbAqtLjQ1D5nlnfVvjomiynfyGkZDQzoHdiUy6Ckfb3I7FIwls77moxuBBNczTE-A9Vzn4UNtlj2Lu4xF26XpSA=s1600-rw-v1,https://www.visitjeju.net/kr/detail/view?contentsid=CNTS_000000000018472
59,마을,신천리 벽화마을,"33.350761, 126.852440
","제주의 동쪽 마을 신천리는 ‘바람코지’라는 이름으로 불릴 만큼 바람이 강하게 부는 해안마을이에요. 몇 년 전, 한 영화의 촬영지로 선정되면서 마을이 조금씩 변화하기 시작했어요. 영화 촬영팀이 필요에 의해 벽화를 그린 것을 계기로, 젊은 예술가들과 지역 화가들이 함께 참여하여 마을을 예술로 채워갔답니다.

이 마을의 골목 곳곳에는 해녀, 말, 동백꽃, 그리고 재미있는 만화 캐릭터들이 그려진 다양한 벽화들이 있어, 골목을 따라 걸을 때마다 어떤 새로운 벽화가 나올지 궁금증을 불러일으켜요. 신천리 마을 근처에 있는 본향당과 천미연대도 함께 둘러보기 좋은 명소이니, 벽화 감상과 함께 마을의 역사를 느껴보는 것도 추천해요.",제주특별자치도 서귀포시 성산읍 신천리,"(+82) 064-787-0157
",https://www.visitjeju.net/kr/detail/view?contentsid=CNTS_200000000007520,.,.,.,https://drive.google.com/u/0/drive-viewer/AKGpihYeYud2wsLoagsgNFkUmillJpFwKNqfCjm4-M_1X11SEigHKc_6wc-kaH0xJYXoMce196Glbe0c6AQQ7gA2B7jB04zkH6gZ0-E=s1600-rw-v1,https://www.visitjeju.net/kr/detail/view?contentsid=CNTS_200000000007520
60,마을,제주조천스위스마을,"33.494250, 126.677278
","제주 조천스위스마을은 스위스의 색채와 감성을 느낄 수 있는 독특한 건축 단지예요. '동행'이라는 주제로 조성된 이 마을은 자연 그대로의 색감을 살려, 풍경과 어우러진 건축물을 강조하고 있어요. 스위스마을은 아무에게나 집을 분양하지 않고, 함께 살아갈 이웃을 중요하게 여기는 가치관을 바탕으로 마을을 만들어 나가고 있답니다.

단지 내 각 건물은 1층은 상점으로, 2-3층은 숙박이나 거주 용도로 사용되고 있어요. 예를 들어, 101동에는 COMP Cafe, 104동에는 COMP - PRO 가구 전시장, 110동에는 수 갤러리, 117동에는 발 담근 CAFE 등 다양한 가게와 카페들이 자리하고 있어요.

이 마을은 스위스의 대표 화가 파울 클레의 영감을 받아 다채로운 색채가 입혀졌고, 신선한 느낌을 주도록 디자인되었어요. 현재는 4개의 단지 중 1개만 운영 중이지만, 완성된 곳에서는 스위스의 분위기를 물씬 느낄 수 있답니다. 아직 모든 건물이 다 채워지진 않았지만, 스위스의 풍경과 이미지를 떠올리게 하는 이곳에서 특별한 경험을 해볼 수 있어요. 조천에 가면 꼭 들러보길 추천해요.",제주특별자치도 제주시 조천읍 함와로 566-27,(+82) 010-6847-8488,https://swissvillagejeju.modoo.at/,.,,,https://drive.google.com/u/0/drive-viewer/AKGpihYTp9vGlvtlvWYWwP4ZejHFwAG28MSBMjHMXKmxELxxcKwBSI67yqnCaRSJrOM3WqbykCmcnblrwGCxAYSS0bUVa28QUao5JJI=s1600-rw-v1,https://www.visitjeju.net/kr/detail/view?contentsid=CNTS_000000000021062