제주올레,1,11.2km,약 5시간,시흥초등학교 제주올레1코스 표지석,33.4792455,126.8955023,1,"제주 올레길 1-1코스 우도 올레는 우도의 절경을 감상할 수 있는 평탄한 코스로, 홍조단괴 백사장과 다양한 관광 명소가 특징이에요.",,
제주올레,1,11.2km,약 5시간,말미오름 입구,33.4771758,126.887456,2,"제주 올레길 1-1코스 우도 올레는 우도의 절경을 감상할 수 있는 평탄한 코스로, 홍조단괴 백사장과 다양한 관광 명소가 특징이에요.",,
제주올레,1,11.2km,약 5시간,알오름,33.3282598,126.7780683,3,"제주 올레길 1-1코스 우도 올레는 우도의 절경을 감상할 수 있는 평탄한 코스로, 홍조단괴 백사장과 다양한 관광 명소가 특징이에요.",,
제주올레,1,11.2km,약 5시간,종달리사무소,33.4934702,126.8991608,4,"제주 올레길 1-1코스 우도 올레는 우도의 절경을 감상할 수 있는 평탄한 코스로, 홍조단괴 백사장과 다양한 관광 명소가 특징이에요.",,
제주올레,1,11.2km,약 5시간,종달리옛소금밭,33.4914879,126.9028617,5,"제주 올레길 1-1코스 우도 올레는 우도의 절경을 감상할 수 있는 평탄한 코스로, 홍조단괴 백사장과 다양한 관광 명소가 특징이에요.",,
제주올레,1,11.2km,약 5시간,목화식당휴게소,33.4818042,126.9017207,6,"제주 올레길 1-1코스 우도 올레는 우도의 절경을 감상할 수 있는 평탄한 코스로, 홍조단괴 백사장과 다양한 관광 명소가 특징이에요.",,
제주올레,1,11.2km,약 5시간,수마포,37.5580889,126.9083451,7,"제주 올레길 1-1코스 우도 올레는 우도의 절경을 감상할 수 있는 평탄한 코스로, 홍조단괴 백사장과 다양한 관광 명소가 특징이에요.",,
제주올레,1,11.2km,약 5시간,터진목,33.4601354,126.9309989,8,"제주 올레길 1-1코스 우도 올레는 우도의 절경을 감상할 수 있는 평탄한 코스로, 홍조단괴 백사장과 다양한 관광 명소가 특징이에요.",,
제주올레,1,11.2km,약 5시간,광치기해변,33.4524144,126.9246908,9,"제주 올레길 1-1코스 우도 올레는 우도의 절경을 감상할 수 있는 평탄한 코스로, 홍조단괴 백사장과 다양한 관광 명소가 특징이에요.",,
제주올레,1-1,15.1km,약 4~5시간,천진항 입구,33.49248697,126.9512755,1,"제주 성산읍에서 광치기 해변까지 이어지는 평탄한 올레길로, 오름과 바다의 아름다움을 만끽할 수 있는 코스예요.",,
제주올레,1-1,15.1km,약 4~5시간,홍조단괴해빈,33.50137331,126.9431076,2,"제주 성산읍에서 광치기 해변까지 이어지는 평탄한 올레길로, 오름과 바다의 아름다움을 만끽할 수 있는 코스예요.",,
제주올레,1-1,15.1km,약 4~5시간,하우목동항,33.5095737,126.9423827,3,"제주 성산읍에서 광치기 해변까지 이어지는 평탄한 올레길로, 오름과 바다의 아름다움을 만끽할 수 있는 코스예요.",,
제주올레,1-1,15.1km,약 4~5시간,산물통,33.5199284,126.9494908,4,"제주 성산읍에서 광치기 해변까지 이어지는 평탄한 올레길로, 오름과 바다의 아름다움을 만끽할 수 있는 코스예요.",,
제주올레,1-1,15.1km,약 4~5시간,파평 윤씨공원,33.51975325,126.9560556,5,"제주 성산읍에서 광치기 해변까지 이어지는 평탄한 올레길로, 오름과 바다의 아름다움을 만끽할 수 있는 코스예요.",,
제주올레,1-1,15.1km,약 4~5시간,하고수동해변,33.5145481,126.9586251,6,"제주 성산읍에서 광치기 해변까지 이어지는 평탄한 올레길로, 오름과 바다의 아름다움을 만끽할 수 있는 코스예요.",,
제주올레,1-1,15.1km,약 4~5시간,천진항 입구,33.49248697,126.9512755,7,"제주 성산읍에서 광치기 해변까지 이어지는 평탄한 올레길로, 오름과 바다의 아름다움을 만끽할 수 있는 코스예요.",,
제주올레,2,15.6km,약 4~5시간,광치기해변,33.4524144,126.9246908,1,"광치기 해변에서 온평리 바다까지 이어지는 제주 트래킹 코스는 다양한 자연 경관과 전통 혼례 체험, 아쿠아플라넷을 감상할 수 있는 코스예요.",서귀포시 성산읍 시흥리 2665-1,"08:30 ~ 17:00(점심시간 : 12:00~13:00) 명절 설, 추석 당일 휴무"
제주올레,2,15.6km,약 4~5시간,내수면둑방길,33.45607009,126.922808,2,"광치기 해변에서 온평리 바다까지 이어지는 제주 트래킹 코스는 다양한 자연 경관과 전통 혼례 체험, 아쿠아플라넷을 감상할 수 있는 코스예요.",서귀포시 성산읍 시흥리 2665-1,"08:30 ~ 17:00(점심시간 : 12:00~13:00) 명절 설, 추석 당일 휴무"
제주올레,2,15.6km,약 4~5시간,식산봉,33.4660422,126.9203405,3,"광치기 해변에서 온평리 바다까지 이어지는 제주 트래킹 코스는 다양한 자연 경관과 전통 혼례 체험, 아쿠아플라넷을 감상할 수 있는 코스예요.",서귀포시 성산읍 시흥리 2665-1,"08:30 ~ 17:00(점심시간 : 12:00~13:00) 명절 설, 추석 당일 휴무"
제주올레,2,15.6km,약 4~5시간,족지물,33.4629395,126.9150046,4,"광치기 해변에서 온평리 바다까지 이어지는 제주 트래킹 코스는 다양한 자연 경관과 전통 혼례 체험, 아쿠아플라넷을 감상할 수 있는 코스예요.",서귀포시 성산읍 시흥리 2665-1,"08:30 ~ 17:00(점심시간 : 12:00~13:00) 명절 설, 추석 당일 휴무"
제주올레,2,15.6km,약 4~5시간,홍마트 성산점,33.4500727,126.9116643,5,"광치기 해변에서 온평리 바다까지 이어지는 제주 트래킹 코스는 다양한 자연 경관과 전통 혼례 체험, 아쿠아플라넷을 감상할 수 있는 코스예요.",서귀포시 성산읍 시흥리 2665-1,"08:30 ~ 17:00(점심시간 : 12:00~13:00) 명절 설, 추석 당일 휴무"
제주올레,2,15.6km,약 4~5시간,대수산봉,33.4396933,126.9023043,6,"광치기 해변에서 온평리 바다까지 이어지는 제주 트래킹 코스는 다양한 자연 경관과 전통 혼례 체험, 아쿠아플라넷을 감상할 수 있는 코스예요.",서귀포시 성산읍 시흥리 2665-1,"08:30 ~ 17:00(점심시간 : 12:00~13:00) 명절 설, 추석 당일 휴무"
제주올레,2,15.6km,약 4~5시간,혼인지,33.4155507,126.8957767,7,"광치기 해변에서 온평리 바다까지 이어지는 제주 트래킹 코스는 다양한 자연 경관과 전통 혼례 체험, 아쿠아플라넷을 감상할 수 있는 코스예요.",서귀포시 성산읍 시흥리 2665-1,"08:30 ~ 17:00(점심시간 : 12:00~13:00) 명절 설, 추석 당일 휴무"
제주올레,2,15.6km,약 4~5시간,온평포구,33.4048255,126.9043556,8,"광치기 해변에서 온평리 바다까지 이어지는 제주 트래킹 코스는 다양한 자연 경관과 전통 혼례 체험, 아쿠아플라넷을 감상할 수 있는 코스예요.",서귀포시 성산읍 시흥리 2665-1,"08:30 ~ 17:00(점심시간 : 12:00~13:00) 명절 설, 추석 당일 휴무"
제주올레,3,20.9km,약 6~7시간,온평포구,33.4048255,126.9043556,1,"중산간의 고즈넉함과 바다목장의 경관을 만끽할 수 있는 바다 올레길로, 김영갑갤러리와 일출랜드 등 다양한 관광 명소가 있어요.",,
제주올레,3,20.9km,약 6~7시간,통오름고정화할망집,33.39272,126.8555498,2,"중산간의 고즈넉함과 바다목장의 경관을 만끽할 수 있는 바다 올레길로, 김영갑갤러리와 일출랜드 등 다양한 관광 명소가 있어요.",,
제주올레,3,20.9km,약 6~7시간,통오름,33.39272,126.8555498,3,"중산간의 고즈넉함과 바다목장의 경관을 만끽할 수 있는 바다 올레길로, 김영갑갤러리와 일출랜드 등 다양한 관광 명소가 있어요.",,
제주올레,3,20.9km,약 6~7시간,독자봉,33.38802589,126.8535501,4,"중산간의 고즈넉함과 바다목장의 경관을 만끽할 수 있는 바다 올레길로, 김영갑갤러리와 일출랜드 등 다양한 관광 명소가 있어요.",,
제주올레,3,20.9km,약 6~7시간,김영갑갤러리두모악,33.37186951,126.8541145,5,"중산간의 고즈넉함과 바다목장의 경관을 만끽할 수 있는 바다 올레길로, 김영갑갤러리와 일출랜드 등 다양한 관광 명소가 있어요.",,
제주올레,3,20.9km,약 6~7시간,신천목장,33.3567015,126.8682182,6,"중산간의 고즈넉함과 바다목장의 경관을 만끽할 수 있는 바다 올레길로, 김영갑갤러리와 일출랜드 등 다양한 관광 명소가 있어요.",,
제주올레,3,20.9km,약 6~7시간,하천리배고픈다리,33.3369191,126.849548,7,"중산간의 고즈넉함과 바다목장의 경관을 만끽할 수 있는 바다 올레길로, 김영갑갤러리와 일출랜드 등 다양한 관광 명소가 있어요.",,
제주올레,3,20.9km,약 6~7시간,제주올레4코스 공식안내소,33.3254568,126.8424676,8,"중산간의 고즈넉함과 바다목장의 경관을 만끽할 수 있는 바다 올레길로, 김영갑갤러리와 일출랜드 등 다양한 관광 명소가 있어요.",,
제주올레,4,19km,약 5~6시간,제주올레4코스 공식안내소,33.3254568,126.8424676,1,표선해수욕장에서 남원포구까지 이어지는 이 코스는 해안 절경과 해녀의 삶을 엿볼 수 있는 가마리 해녀올레가 주요 포인트예요.,,
제주올레,4,19km,약 5~6시간,당케포구,33.3263629,126.8469204,2,표선해수욕장에서 남원포구까지 이어지는 이 코스는 해안 절경과 해녀의 삶을 엿볼 수 있는 가마리 해녀올레가 주요 포인트예요.,,
제주올레,4,19km,약 5~6시간,표선해녀탈의장,33.3747697,126.7684581,3,표선해수욕장에서 남원포구까지 이어지는 이 코스는 해안 절경과 해녀의 삶을 엿볼 수 있는 가마리 해녀올레가 주요 포인트예요.,,
제주올레,4,19km,약 5~6시간,갯늪,33.31433385,126.8372592,4,표선해수욕장에서 남원포구까지 이어지는 이 코스는 해안 절경과 해녀의 삶을 엿볼 수 있는 가마리 해녀올레가 주요 포인트예요.,,
제주올레,4,19km,약 5~6시간,제주특별자치도 해양수산연구원,33.3076519,126.829564,5,표선해수욕장에서 남원포구까지 이어지는 이 코스는 해안 절경과 해녀의 삶을 엿볼 수 있는 가마리 해녀올레가 주요 포인트예요.,,
제주올레,4,19km,약 5~6시간,표선해녀의집,33.3253177,126.8435983,6,표선해수욕장에서 남원포구까지 이어지는 이 코스는 해안 절경과 해녀의 삶을 엿볼 수 있는 가마리 해녀올레가 주요 포인트예요.,,
제주올레,4,19km,약 5~6시간,고는개,33.30600214,126.7888797,7,표선해수욕장에서 남원포구까지 이어지는 이 코스는 해안 절경과 해녀의 삶을 엿볼 수 있는 가마리 해녀올레가 주요 포인트예요.,,
제주올레,4,19km,약 5~6시간,해병대길,33.2418837,126.4008902,8,표선해수욕장에서 남원포구까지 이어지는 이 코스는 해안 절경과 해녀의 삶을 엿볼 수 있는 가마리 해녀올레가 주요 포인트예요.,,
제주올레,4,19km,약 5~6시간,토산산책로,33.30454314,126.7952506,9,표선해수욕장에서 남원포구까지 이어지는 이 코스는 해안 절경과 해녀의 삶을 엿볼 수 있는 가마리 해녀올레가 주요 포인트예요.,,
제주올레,4,19km,약 5~6시간,토산2리마을회관,33.308901,126.7797908,10,표선해수욕장에서 남원포구까지 이어지는 이 코스는 해안 절경과 해녀의 삶을 엿볼 수 있는 가마리 해녀올레가 주요 포인트예요.,,
제주올레,4,19km,약 5~6시간,송천,37.6183082,127.023868,11,표선해수욕장에서 남원포구까지 이어지는 이 코스는 해안 절경과 해녀의 삶을 엿볼 수 있는 가마리 해녀올레가 주요 포인트예요.,,
제주올레,4,19km,약 5~6시간,신흥리포구,33.548725,126.650812,12,표선해수욕장에서 남원포구까지 이어지는 이 코스는 해안 절경과 해녀의 삶을 엿볼 수 있는 가마리 해녀올레가 주요 포인트예요.,,
제주올레,4,19km,약 5~6시간,덕돌포구,33.2913194,126.7605708,13,표선해수욕장에서 남원포구까지 이어지는 이 코스는 해안 절경과 해녀의 삶을 엿볼 수 있는 가마리 해녀올레가 주요 포인트예요.,,
제주올레,4,19km,약 5~6시간,태흥2리포구,33.2872803,126.7504696,14,표선해수욕장에서 남원포구까지 이어지는 이 코스는 해안 절경과 해녀의 삶을 엿볼 수 있는 가마리 해녀올레가 주요 포인트예요.,,
제주올레,4,19km,약 5~6시간,태흥2리체육공원,33.2866528,126.7499787,15,표선해수욕장에서 남원포구까지 이어지는 이 코스는 해안 절경과 해녀의 삶을 엿볼 수 있는 가마리 해녀올레가 주요 포인트예요.,,
제주올레,4,19km,약 5~6시간,벌포연대,33.2802296,126.7370888,16,표선해수욕장에서 남원포구까지 이어지는 이 코스는 해안 절경과 해녀의 삶을 엿볼 수 있는 가마리 해녀올레가 주요 포인트예요.,,
제주올레,4,19km,약 5~6시간,제주올레5코스 공식안내소,33.2778272,126.7198433,17,표선해수욕장에서 남원포구까지 이어지는 이 코스는 해안 절경과 해녀의 삶을 엿볼 수 있는 가마리 해녀올레가 주요 포인트예요.,,
제주올레,5,13.4km,약 4~5시간,남원포구,33.277853,126.7188938,1,"남원포구에서 쇠소깍까지 이어지는 제주 올레길 5코스는 평탄하지만 바위길이 있으며, 바다와 마을 풍경이 어우러진 동백나무 군락지가 인상적이에요.",서귀포시 표선면 표선리 40,"08:30 ~ 17:00(점심시간 : 12:00~13:00) 명절 설, 추석 당일 휴무"
제주올레,5,13.4km,약 4~5시간,큰엉 입구,33.274478,126.7091977,2,"남원포구에서 쇠소깍까지 이어지는 제주 올레길 5코스는 평탄하지만 바위길이 있으며, 바다와 마을 풍경이 어우러진 동백나무 군락지가 인상적이에요.",서귀포시 표선면 표선리 40,"08:30 ~ 17:00(점심시간 : 12:00~13:00) 명절 설, 추석 당일 휴무"
제주올레,5,13.4km,약 4~5시간,국립수산과학원 아열대수산연구소 미래양식연구센터,33.493632,126.4285765,3,"남원포구에서 쇠소깍까지 이어지는 제주 올레길 5코스는 평탄하지만 바위길이 있으며, 바다와 마을 풍경이 어우러진 동백나무 군락지가 인상적이에요.",서귀포시 표선면 표선리 40,"08:30 ~ 17:00(점심시간 : 12:00~13:00) 명절 설, 추석 당일 휴무"
제주올레,5,13.4km,약 4~5시간,위미동백나무군락,33.27292296,126.6747371,4,"남원포구에서 쇠소깍까지 이어지는 제주 올레길 5코스는 평탄하지만 바위길이 있으며, 바다와 마을 풍경이 어우러진 동백나무 군락지가 인상적이에요.",서귀포시 표선면 표선리 40,"08:30 ~ 17:00(점심시간 : 12:00~13:00) 명절 설, 추석 당일 휴무"
제주올레,5,13.4km,약 4~5시간,넙빌레,33.2695575,126.6485905,5,"남원포구에서 쇠소깍까지 이어지는 제주 올레길 5코스는 평탄하지만 바위길이 있으며, 바다와 마을 풍경이 어우러진 동백나무 군락지가 인상적이에요.",서귀포시 표선면 표선리 40,"08:30 ~ 17:00(점심시간 : 12:00~13:00) 명절 설, 추석 당일 휴무"
제주올레,5,13.4km,약 4~5시간,망장포,33.2590831,126.6398902,6,"남원포구에서 쇠소깍까지 이어지는 제주 올레길 5코스는 평탄하지만 바위길이 있으며, 바다와 마을 풍경이 어우러진 동백나무 군락지가 인상적이에요.",서귀포시 표선면 표선리 40,"08:30 ~ 17:00(점심시간 : 12:00~13:00) 명절 설, 추석 당일 휴무"
제주올레,5,13.4km,약 4~5시간,쇠소깍다리,33.2583766,126.6238898,7,"남원포구에서 쇠소깍까지 이어지는 제주 올레길 5코스는 평탄하지만 바위길이 있으며, 바다와 마을 풍경이 어우러진 동백나무 군락지가 인상적이에요.",서귀포시 표선면 표선리 40,"08:30 ~ 17:00(점심시간 : 12:00~13:00) 명절 설, 추석 당일 휴무"
제주올레,6,11km,약 3~4시간,쇠소깍다리,33.2583766,126.6238898,1,"쇠소깍에서 외돌개까지 이어지는 제주 올레 6코스는 서귀포 시내를 지나는 평탄한 해안·도심 올레길로, 예술과 역사를 만날 수 있어요.",서귀포시 남원읍 남태해안로 140,"08:30 ~ 17:00(점심시간 : 12:00~13:00) 명절 설, 추석 당일 휴무"
제주올레,6,11km,약 3~4시간,쇠소깍휴게소,33.2524694,126.6235333,2,"쇠소깍에서 외돌개까지 이어지는 제주 올레 6코스는 서귀포 시내를 지나는 평탄한 해안·도심 올레길로, 예술과 역사를 만날 수 있어요.",서귀포시 남원읍 남태해안로 140,"08:30 ~ 17:00(점심시간 : 12:00~13:00) 명절 설, 추석 당일 휴무"
제주올레,6,11km,약 3~4시간,소금막 나무정자,33.2485031,126.6194414,3,"쇠소깍에서 외돌개까지 이어지는 제주 올레 6코스는 서귀포 시내를 지나는 평탄한 해안·도심 올레길로, 예술과 역사를 만날 수 있어요.",서귀포시 남원읍 남태해안로 140,"08:30 ~ 17:00(점심시간 : 12:00~13:00) 명절 설, 추석 당일 휴무"
제주올레,6,11km,약 3~4시간,생이돌,33.2438913,126.6192897,4,"쇠소깍에서 외돌개까지 이어지는 제주 올레 6코스는 서귀포 시내를 지나는 평탄한 해안·도심 올레길로, 예술과 역사를 만날 수 있어요.",서귀포시 남원읍 남태해안로 140,"08:30 ~ 17:00(점심시간 : 12:00~13:00) 명절 설, 추석 당일 휴무"
제주올레,6,11km,약 3~4시간,제지기오름 입구,33.241926,126.60974,5,"쇠소깍에서 외돌개까지 이어지는 제주 올레 6코스는 서귀포 시내를 지나는 평탄한 해안·도심 올레길로, 예술과 역사를 만날 수 있어요.",서귀포시 남원읍 남태해안로 140,"08:30 ~ 17:00(점심시간 : 12:00~13:00) 명절 설, 추석 당일 휴무"
제주올레,6,11km,약 3~4시간,제지기오름,33.241926,126.60974,6,"쇠소깍에서 외돌개까지 이어지는 제주 올레 6코스는 서귀포 시내를 지나는 평탄한 해안·도심 올레길로, 예술과 역사를 만날 수 있어요.",서귀포시 남원읍 남태해안로 140,"08:30 ~ 17:00(점심시간 : 12:00~13:00) 명절 설, 추석 당일 휴무"
제주올레,6,11km,약 3~4시간,보목포구,33.2396,126.608205,7,"쇠소깍에서 외돌개까지 이어지는 제주 올레 6코스는 서귀포 시내를 지나는 평탄한 해안·도심 올레길로, 예술과 역사를 만날 수 있어요.",서귀포시 남원읍 남태해안로 140,"08:30 ~ 17:00(점심시간 : 12:00~13:00) 명절 설, 추석 당일 휴무"
제주올레,6,11km,약 3~4시간,구두미포구,33.2368098,126.5964719,8,"쇠소깍에서 외돌개까지 이어지는 제주 올레 6코스는 서귀포 시내를 지나는 평탄한 해안·도심 올레길로, 예술과 역사를 만날 수 있어요.",서귀포시 남원읍 남태해안로 140,"08:30 ~ 17:00(점심시간 : 12:00~13:00) 명절 설, 추석 당일 휴무"
제주올레,6,11km,약 3~4시간,소천지,33.2390131,126.5913824,9,"쇠소깍에서 외돌개까지 이어지는 제주 올레 6코스는 서귀포 시내를 지나는 평탄한 해안·도심 올레길로, 예술과 역사를 만날 수 있어요.",서귀포시 남원읍 남태해안로 140,"08:30 ~ 17:00(점심시간 : 12:00~13:00) 명절 설, 추석 당일 휴무"
제주올레,6,11km,약 3~4시간,보목하수처리장,33.2423224,126.5913654,10,"쇠소깍에서 외돌개까지 이어지는 제주 올레 6코스는 서귀포 시내를 지나는 평탄한 해안·도심 올레길로, 예술과 역사를 만날 수 있어요.",서귀포시 남원읍 남태해안로 140,"08:30 ~ 17:00(점심시간 : 12:00~13:00) 명절 설, 추석 당일 휴무"
제주올레,6,11km,약 3~4시간,백록정,33.24392451,126.5888161,11,"쇠소깍에서 외돌개까지 이어지는 제주 올레 6코스는 서귀포 시내를 지나는 평탄한 해안·도심 올레길로, 예술과 역사를 만날 수 있어요.",서귀포시 남원읍 남태해안로 140,"08:30 ~ 17:00(점심시간 : 12:00~13:00) 명절 설, 추석 당일 휴무"
제주올레,6,11km,약 3~4시간,검은여 쉼터,33.24381537,126.5817724,12,"쇠소깍에서 외돌개까지 이어지는 제주 올레 6코스는 서귀포 시내를 지나는 평탄한 해안·도심 올레길로, 예술과 역사를 만날 수 있어요.",서귀포시 남원읍 남태해안로 140,"08:30 ~ 17:00(점심시간 : 12:00~13:00) 명절 설, 추석 당일 휴무"
제주올레,6,11km,약 3~4시간,정방폭포 관광안내소,33.2448521,126.5718032,13,"쇠소깍에서 외돌개까지 이어지는 제주 올레 6코스는 서귀포 시내를 지나는 평탄한 해안·도심 올레길로, 예술과 역사를 만날 수 있어요.",서귀포시 남원읍 남태해안로 140,"08:30 ~ 17:00(점심시간 : 12:00~13:00) 명절 설, 추석 당일 휴무"
제주올레,6,11km,약 3~4시간,소암기념관,33.2451018,126.5675664,14,"쇠소깍에서 외돌개까지 이어지는 제주 올레 6코스는 서귀포 시내를 지나는 평탄한 해안·도심 올레길로, 예술과 역사를 만날 수 있어요.",서귀포시 남원읍 남태해안로 140,"08:30 ~ 17:00(점심시간 : 12:00~13:00) 명절 설, 추석 당일 휴무"
제주올레,6,11km,약 3~4시간,서귀진성,33.24291667,126.564244,15,"쇠소깍에서 외돌개까지 이어지는 제주 올레 6코스는 서귀포 시내를 지나는 평탄한 해안·도심 올레길로, 예술과 역사를 만날 수 있어요.",서귀포시 남원읍 남태해안로 140,"08:30 ~ 17:00(점심시간 : 12:00~13:00) 명절 설, 추석 당일 휴무"
제주올레,6,11km,약 3~4시간,이중섭거리,33.2449989,126.5643496,16,"쇠소깍에서 외돌개까지 이어지는 제주 올레 6코스는 서귀포 시내를 지나는 평탄한 해안·도심 올레길로, 예술과 역사를 만날 수 있어요.",서귀포시 남원읍 남태해안로 140,"08:30 ~ 17:00(점심시간 : 12:00~13:00) 명절 설, 추석 당일 휴무"
제주올레,6,11km,약 3~4시간,서귀포매일올레시장 입구,33.2486815,126.5641127,17,"쇠소깍에서 외돌개까지 이어지는 제주 올레 6코스는 서귀포 시내를 지나는 평탄한 해안·도심 올레길로, 예술과 역사를 만날 수 있어요.",서귀포시 남원읍 남태해안로 140,"08:30 ~ 17:00(점심시간 : 12:00~13:00) 명절 설, 추석 당일 휴무"
제주올레,6,11km,약 3~4시간,제주올레여행자센터,33.24738714,126.5586688,18,"쇠소깍에서 외돌개까지 이어지는 제주 올레 6코스는 서귀포 시내를 지나는 평탄한 해안·도심 올레길로, 예술과 역사를 만날 수 있어요.",서귀포시 남원읍 남태해안로 140,"08:30 ~ 17:00(점심시간 : 12:00~13:00) 명절 설, 추석 당일 휴무"
제주올레,7,17.6km,약 5시간,제주올레여행자센터,33.2474043,126.5587322,1,서귀포시 중정로에서 월평 아왜낭목 쉼터까지 이어지는 이 코스는 자연 생태길인 수봉로와 험한 바윗길인 강정바당 올레가 특징이에요.,,
제주올레,7,17.6km,약 5시간,서귀포칠십리시공원,33.2470894,126.5532564,2,서귀포시 중정로에서 월평 아왜낭목 쉼터까지 이어지는 이 코스는 자연 생태길인 수봉로와 험한 바윗길인 강정바당 올레가 특징이에요.,,
제주올레,7,17.6km,약 5시간,외돌개 주차장,33.2407663,126.5466195,3,서귀포시 중정로에서 월평 아왜낭목 쉼터까지 이어지는 이 코스는 자연 생태길인 수봉로와 험한 바윗길인 강정바당 올레가 특징이에요.,,
제주올레,7,17.6km,약 5시간,법환포구,33.2372663,126.5157058,4,서귀포시 중정로에서 월평 아왜낭목 쉼터까지 이어지는 이 코스는 자연 생태길인 수봉로와 험한 바윗길인 강정바당 올레가 특징이에요.,,
제주올레,7,17.6km,약 5시간,올레요7쉼터,33.2331958,126.4971513,5,서귀포시 중정로에서 월평 아왜낭목 쉼터까지 이어지는 이 코스는 자연 생태길인 수봉로와 험한 바윗길인 강정바당 올레가 특징이에요.,,
제주올레,7,17.6km,약 5시간,월평포구,33.234351,126.4634541,6,서귀포시 중정로에서 월평 아왜낭목 쉼터까지 이어지는 이 코스는 자연 생태길인 수봉로와 험한 바윗길인 강정바당 올레가 특징이에요.,,
제주올레,7,17.6km,약 5시간,월평마을 아왜낭목 쉼터,33.24357852,126.4584593,7,서귀포시 중정로에서 월평 아왜낭목 쉼터까지 이어지는 이 코스는 자연 생태길인 수봉로와 험한 바윗길인 강정바당 올레가 특징이에요.,,
제주올레,7-1,15.7km,약 5시간,서귀포버스터미널,33.2487995,126.5083874,1,"기암절벽과 엉또폭포, 하논 분화구 등을 지나 외돌개까지 이어지는 코스로, 서귀포 중산간의 풍경과 고근산 억새를 만끽할 수 있어요.",서귀포시 중정로 22,
제주올레,7-1,15.7km,약 5시간,엉또폭포,33.2686052,126.4999881,2,"기암절벽과 엉또폭포, 하논 분화구 등을 지나 외돌개까지 이어지는 코스로, 서귀포 중산간의 풍경과 고근산 억새를 만끽할 수 있어요.",서귀포시 중정로 22,
제주올레,7-1,15.7km,약 5시간,고근산,33.2662629,126.5138442,3,"기암절벽과 엉또폭포, 하논 분화구 등을 지나 외돌개까지 이어지는 코스로, 서귀포 중산간의 풍경과 고근산 억새를 만끽할 수 있어요.",서귀포시 중정로 22,
제주올레,7-1,15.7km,약 5시간,하논분화구 방문자센터,33.2546074,126.5457597,4,"기암절벽과 엉또폭포, 하논 분화구 등을 지나 외돌개까지 이어지는 코스로, 서귀포 중산간의 풍경과 고근산 억새를 만끽할 수 있어요.",서귀포시 중정로 22,
제주올레,7-1,15.7km,약 5시간,걸매생태공원 창포원,33.2499864,126.5551498,5,"기암절벽과 엉또폭포, 하논 분화구 등을 지나 외돌개까지 이어지는 코스로, 서귀포 중산간의 풍경과 고근산 억새를 만끽할 수 있어요.",서귀포시 중정로 22,
제주올레,7-1,15.7km,약 5시간,제주올레여행자센터,33.2474043,126.5587322,6,"기암절벽과 엉또폭포, 하논 분화구 등을 지나 외돌개까지 이어지는 코스로, 서귀포 중산간의 풍경과 고근산 억새를 만끽할 수 있어요.",서귀포시 중정로 22,
제주올레,8,19.6km,약 6~7시간,월평마을 아왜낭목 쉼터,33.24357852,126.4584593,1,"월평마을에서 대평포구까지 이어지는 바닷가 코스는 주상절리와 억새가 아름답고, 대한민국 해안누리길로 선정된 인기 있는 올레길이에요.",서귀포시 일주동로 9217,"08:30 ~ 17:00(점심시간 : 12:00~13:00) 명절 설, 추석 당일 휴무"
제주올레,8,19.6km,약 6~7시간,약천사,33.2461544,126.4494597,2,"월평마을에서 대평포구까지 이어지는 바닷가 코스는 주상절리와 억새가 아름답고, 대한민국 해안누리길로 선정된 인기 있는 올레길이에요.",서귀포시 일주동로 9217,"08:30 ~ 17:00(점심시간 : 12:00~13:00) 명절 설, 추석 당일 휴무"
제주올레,8,19.6km,약 6~7시간,대포포구,33.2385427,126.4388796,3,"월평마을에서 대평포구까지 이어지는 바닷가 코스는 주상절리와 억새가 아름답고, 대한민국 해안누리길로 선정된 인기 있는 올레길이에요.",서귀포시 일주동로 9217,"08:30 ~ 17:00(점심시간 : 12:00~13:00) 명절 설, 추석 당일 휴무"
제주올레,8,19.6km,약 6~7시간,주상절리관광안내소,33.2379343,126.425886,4,"월평마을에서 대평포구까지 이어지는 바닷가 코스는 주상절리와 억새가 아름답고, 대한민국 해안누리길로 선정된 인기 있는 올레길이에요.",서귀포시 일주동로 9217,"08:30 ~ 17:00(점심시간 : 12:00~13:00) 명절 설, 추석 당일 휴무"
제주올레,8,19.6km,약 6~7시간,베릿내오름 입구,33.2474119,126.4221084,5,"월평마을에서 대평포구까지 이어지는 바닷가 코스는 주상절리와 억새가 아름답고, 대한민국 해안누리길로 선정된 인기 있는 올레길이에요.",서귀포시 일주동로 9217,"08:30 ~ 17:00(점심시간 : 12:00~13:00) 명절 설, 추석 당일 휴무"
제주올레,8,19.6km,약 6~7시간,논짓물해변,33.2371442,126.3893438,6,"월평마을에서 대평포구까지 이어지는 바닷가 코스는 주상절리와 억새가 아름답고, 대한민국 해안누리길로 선정된 인기 있는 올레길이에요.",서귀포시 일주동로 9217,"08:30 ~ 17:00(점심시간 : 12:00~13:00) 명절 설, 추석 당일 휴무"
제주올레,8,19.6km,약 6~7시간,대평포구,33.2372955,126.3618607,7,"월평마을에서 대평포구까지 이어지는 바닷가 코스는 주상절리와 억새가 아름답고, 대한민국 해안누리길로 선정된 인기 있는 올레길이에요.",서귀포시 일주동로 9217,"08:30 ~ 17:00(점심시간 : 12:00~13:00) 명절 설, 추석 당일 휴무"
제주올레,9,11.8km,약 3~4시간,대평포구,33.2372955,126.3618607,1,"대평포구에서 시작해 안덕계곡과 월라봉을 오르는 짧지만 난이도 있는 코스로, 자연경관과 다양한 체험이 가능한 코스예요.",,
제주올레,9,11.8km,약 3~4시간,중문올레펜션,33.2471351,126.354248,2,"대평포구에서 시작해 안덕계곡과 월라봉을 오르는 짧지만 난이도 있는 코스로, 자연경관과 다양한 체험이 가능한 코스예요.",,
제주올레,9,11.8km,약 3~4시간,군산오름 정상부,33.2535232,126.3700557,3,"대평포구에서 시작해 안덕계곡과 월라봉을 오르는 짧지만 난이도 있는 코스로, 자연경관과 다양한 체험이 가능한 코스예요.",,
제주올레,9,11.8km,약 3~4시간,개끄리민교,33.24388412,126.3418822,4,"대평포구에서 시작해 안덕계곡과 월라봉을 오르는 짧지만 난이도 있는 코스로, 자연경관과 다양한 체험이 가능한 코스예요.",,
제주올레,9,11.8km,약 3~4시간,화순금모래해수욕장,33.2395874,126.3340053,5,"대평포구에서 시작해 안덕계곡과 월라봉을 오르는 짧지만 난이도 있는 코스로, 자연경관과 다양한 체험이 가능한 코스예요.",,
제주올레,10,15.6km,약 5시간,제주올레10코스 공식안내소,33.2395922,126.3357689,1,"화순 금모래 해변에서 시작해 송악산과 알뜨르 비행장을 거쳐 하모리 해수욕장까지 이어지는 해안 올레길로, 다양한 관광 명소가 포함된 코스예요.",,
제주올레,10,15.6km,약 5시간,사계포구,33.22820255,126.3065814,2,"화순 금모래 해변에서 시작해 송악산과 알뜨르 비행장을 거쳐 하모리 해수욕장까지 이어지는 해안 올레길로, 다양한 관광 명소가 포함된 코스예요.",,
제주올레,10,15.6km,약 5시간,송악산 주차장,33.20647516,126.2900803,3,"화순 금모래 해변에서 시작해 송악산과 알뜨르 비행장을 거쳐 하모리 해수욕장까지 이어지는 해안 올레길로, 다양한 관광 명소가 포함된 코스예요.",,
제주올레,10,15.6km,약 5시간,송악산 전망대,33.1985939,126.2939603,4,"화순 금모래 해변에서 시작해 송악산과 알뜨르 비행장을 거쳐 하모리 해수욕장까지 이어지는 해안 올레길로, 다양한 관광 명소가 포함된 코스예요.",,
제주올레,10,15.6km,약 5시간,섯알오름예비검속희생자추모비,33.2056129,126.280576,5,"화순 금모래 해변에서 시작해 송악산과 알뜨르 비행장을 거쳐 하모리 해수욕장까지 이어지는 해안 올레길로, 다양한 관광 명소가 포함된 코스예요.",,
제주올레,10,15.6km,약 5시간,하모해수욕장,33.21136044,126.2611696,6,"화순 금모래 해변에서 시작해 송악산과 알뜨르 비행장을 거쳐 하모리 해수욕장까지 이어지는 해안 올레길로, 다양한 관광 명소가 포함된 코스예요.",,
제주올레,10,15.6km,약 5시간,제주올레11코스 공식안내소,33.2190227,126.2525814,7,"화순 금모래 해변에서 시작해 송악산과 알뜨르 비행장을 거쳐 하모리 해수욕장까지 이어지는 해안 올레길로, 다양한 관광 명소가 포함된 코스예요.",,
제주올레,10-1,4.2km,약 1~2시간,상동포구,33.1754078,126.2702931,1,"가파도는 길이 4.2km로 오르막 없이 누구나 쉽게 걸을 수 있는 평탄한 섬이며, 휴식과 안식을 즐길 수 있는 산책 코스예요.",서귀포시 안덕면 화순리 813-9,"08:30 ~ 17:00(점심시간 : 12:00~13:00) 명절 설, 추석 당일 휴무"
제주올레,10-1,4.2km,약 1~2시간,냇골챙이,33.16620679,126.2687124,2,"가파도는 길이 4.2km로 오르막 없이 누구나 쉽게 걸을 수 있는 평탄한 섬이며, 휴식과 안식을 즐길 수 있는 산책 코스예요.",서귀포시 안덕면 화순리 813-9,"08:30 ~ 17:00(점심시간 : 12:00~13:00) 명절 설, 추석 당일 휴무"
제주올레,10-1,4.2km,약 1~2시간,가파초등학교,33.1691096,126.2703919,3,"가파도는 길이 4.2km로 오르막 없이 누구나 쉽게 걸을 수 있는 평탄한 섬이며, 휴식과 안식을 즐길 수 있는 산책 코스예요.",서귀포시 안덕면 화순리 813-9,"08:30 ~ 17:00(점심시간 : 12:00~13:00) 명절 설, 추석 당일 휴무"
제주올레,10-1,4.2km,약 1~2시간,개엄주리코지,33.17417311,126.2741892,4,"가파도는 길이 4.2km로 오르막 없이 누구나 쉽게 걸을 수 있는 평탄한 섬이며, 휴식과 안식을 즐길 수 있는 산책 코스예요.",서귀포시 안덕면 화순리 813-9,"08:30 ~ 17:00(점심시간 : 12:00~13:00) 명절 설, 추석 당일 휴무"
제주올레,10-1,4.2km,약 1~2시간,큰옹진물,37.9535884,124.6778869,5,"가파도는 길이 4.2km로 오르막 없이 누구나 쉽게 걸을 수 있는 평탄한 섬이며, 휴식과 안식을 즐길 수 있는 산책 코스예요.",서귀포시 안덕면 화순리 813-9,"08:30 ~ 17:00(점심시간 : 12:00~13:00) 명절 설, 추석 당일 휴무"
제주올레,10-1,4.2km,약 1~2시간,가파포구,33.1648339,126.2725948,6,"가파도는 길이 4.2km로 오르막 없이 누구나 쉽게 걸을 수 있는 평탄한 섬이며, 휴식과 안식을 즐길 수 있는 산책 코스예요.",서귀포시 안덕면 화순리 813-9,"08:30 ~ 17:00(점심시간 : 12:00~13:00) 명절 설, 추석 당일 휴무"
제주올레,11,17.3km,약 5~6시간,하모체육공원,33.218349,126.2522625,1,하모체육공원에서 모슬봉을 거쳐 무릉외갓집까지 이어지는 이 코스는 넓은 들판과 곶자왈을 지나며 제주의 역사와 풍경을 감상할 수 있어요.,,
제주올레,11,17.3km,약 5~6시간,대정여자고등학교,33.229359,126.2528811,2,하모체육공원에서 모슬봉을 거쳐 무릉외갓집까지 이어지는 이 코스는 넓은 들판과 곶자왈을 지나며 제주의 역사와 풍경을 감상할 수 있어요.,,
제주올레,11,17.3km,약 5~6시간,모슬봉정상,33.2384843,126.2580075,3,하모체육공원에서 모슬봉을 거쳐 무릉외갓집까지 이어지는 이 코스는 넓은 들판과 곶자왈을 지나며 제주의 역사와 풍경을 감상할 수 있어요.,,
제주올레,11,17.3km,약 5~6시간,천주교대정성지,33.2541237,126.2611793,4,하모체육공원에서 모슬봉을 거쳐 무릉외갓집까지 이어지는 이 코스는 넓은 들판과 곶자왈을 지나며 제주의 역사와 풍경을 감상할 수 있어요.,,
제주올레,11,17.3km,약 5~6시간,신평사거리,36.1193925,128.3603245,5,하모체육공원에서 모슬봉을 거쳐 무릉외갓집까지 이어지는 이 코스는 넓은 들판과 곶자왈을 지나며 제주의 역사와 풍경을 감상할 수 있어요.,,
제주올레,11,17.3km,약 5~6시간,신평곶자왈,33.2742393,126.2593591,6,하모체육공원에서 모슬봉을 거쳐 무릉외갓집까지 이어지는 이 코스는 넓은 들판과 곶자왈을 지나며 제주의 역사와 풍경을 감상할 수 있어요.,,
제주올레,11,17.3km,약 5~6시간,정개왓광장,33.28437717,126.2573479,7,하모체육공원에서 모슬봉을 거쳐 무릉외갓집까지 이어지는 이 코스는 넓은 들판과 곶자왈을 지나며 제주의 역사와 풍경을 감상할 수 있어요.,,
제주올레,11,17.3km,약 5~6시간,무릉외갓집,33.2729143,126.2366038,8,하모체육공원에서 모슬봉을 거쳐 무릉외갓집까지 이어지는 이 코스는 넓은 들판과 곶자왈을 지나며 제주의 역사와 풍경을 감상할 수 있어요.,,
제주올레,12,17.5km,약 6시간,무릉외갓집,33.2729143,126.2366038,1,"무릉외갓집에서 시작해 수월봉과 엉알길을 지나 생이기정 바당길로 이어지는 코스로, 차귀도와 아름다운 자연 경관을 즐길 수 있어요.",서귀포시 대정읍 하모리 2140,"08:30 ~ 17:00(점심시간 : 12:00~13:00) 명절 설, 추석 당일 휴무"
제주올레,12,17.5km,약 6시간,신도생태연못 화장실,33.28131644,126.2035008,2,"무릉외갓집에서 시작해 수월봉과 엉알길을 지나 생이기정 바당길로 이어지는 코스로, 차귀도와 아름다운 자연 경관을 즐길 수 있어요.",서귀포시 대정읍 하모리 2140,"08:30 ~ 17:00(점심시간 : 12:00~13:00) 명절 설, 추석 당일 휴무"
제주올레,12,17.5km,약 6시간,산경도예,33.2794229,126.1915961,3,"무릉외갓집에서 시작해 수월봉과 엉알길을 지나 생이기정 바당길로 이어지는 코스로, 차귀도와 아름다운 자연 경관을 즐길 수 있어요.",서귀포시 대정읍 하모리 2140,"08:30 ~ 17:00(점심시간 : 12:00~13:00) 명절 설, 추석 당일 휴무"
제주올레,12,17.5km,약 6시간,신도포구,33.277016,126.1700443,4,"무릉외갓집에서 시작해 수월봉과 엉알길을 지나 생이기정 바당길로 이어지는 코스로, 차귀도와 아름다운 자연 경관을 즐길 수 있어요.",서귀포시 대정읍 하모리 2140,"08:30 ~ 17:00(점심시간 : 12:00~13:00) 명절 설, 추석 당일 휴무"
제주올레,12,17.5km,약 6시간,수월봉전망대,33.295069,126.1634705,5,"무릉외갓집에서 시작해 수월봉과 엉알길을 지나 생이기정 바당길로 이어지는 코스로, 차귀도와 아름다운 자연 경관을 즐길 수 있어요.",서귀포시 대정읍 하모리 2140,"08:30 ~ 17:00(점심시간 : 12:00~13:00) 명절 설, 추석 당일 휴무"
제주올레,12,17.5km,약 6시간,엉알길,33.29919082,126.1684287,6,"무릉외갓집에서 시작해 수월봉과 엉알길을 지나 생이기정 바당길로 이어지는 코스로, 차귀도와 아름다운 자연 경관을 즐길 수 있어요.",서귀포시 대정읍 하모리 2140,"08:30 ~ 17:00(점심시간 : 12:00~13:00) 명절 설, 추석 당일 휴무"
제주올레,12,17.5km,약 6시간,차귀도포구,33.3095024,126.1649035,7,"무릉외갓집에서 시작해 수월봉과 엉알길을 지나 생이기정 바당길로 이어지는 코스로, 차귀도와 아름다운 자연 경관을 즐길 수 있어요.",서귀포시 대정읍 하모리 2140,"08:30 ~ 17:00(점심시간 : 12:00~13:00) 명절 설, 추석 당일 휴무"
제주올레,12,17.5km,약 6시간,용수포구,33.3233514,126.1664098,8,"무릉외갓집에서 시작해 수월봉과 엉알길을 지나 생이기정 바당길로 이어지는 코스로, 차귀도와 아름다운 자연 경관을 즐길 수 있어요.",서귀포시 대정읍 하모리 2140,"08:30 ~ 17:00(점심시간 : 12:00~13:00) 명절 설, 추석 당일 휴무"
제주올레,13,16.2km,약 4~5시간,용수포구,33.3233514,126.1664098,1,용수리 절부암에서 저지 예술정보화마을까지 이어지는 이 코스는 숲길과 밭길을 지나며 제주 자연의 다양한 매력을 만끽할 수 있어요.,서귀포시 대정읍 하모리 2140,"08:30 ~ 17:00(점심시간 : 12:00~13:00) 명절 설, 추석 당일 휴무"
제주올레,13,16.2km,약 4~5시간,용수저수지,33.3171934,126.1876683,2,용수리 절부암에서 저지 예술정보화마을까지 이어지는 이 코스는 숲길과 밭길을 지나며 제주 자연의 다양한 매력을 만끽할 수 있어요.,서귀포시 대정읍 하모리 2140,"08:30 ~ 17:00(점심시간 : 12:00~13:00) 명절 설, 추석 당일 휴무"
제주올레,13,16.2km,약 4~5시간,특전사숲길,33.32559162,126.1968423,3,용수리 절부암에서 저지 예술정보화마을까지 이어지는 이 코스는 숲길과 밭길을 지나며 제주 자연의 다양한 매력을 만끽할 수 있어요.,서귀포시 대정읍 하모리 2140,"08:30 ~ 17:00(점심시간 : 12:00~13:00) 명절 설, 추석 당일 휴무"
제주올레,13,16.2km,약 4~5시간,고사리숲길,33.32925267,126.2174138,4,용수리 절부암에서 저지 예술정보화마을까지 이어지는 이 코스는 숲길과 밭길을 지나며 제주 자연의 다양한 매력을 만끽할 수 있어요.,서귀포시 대정읍 하모리 2140,"08:30 ~ 17:00(점심시간 : 12:00~13:00) 명절 설, 추석 당일 휴무"
제주올레,13,16.2km,약 4~5시간,낙천의자공원,33.32769631,126.2258694,5,용수리 절부암에서 저지 예술정보화마을까지 이어지는 이 코스는 숲길과 밭길을 지나며 제주 자연의 다양한 매력을 만끽할 수 있어요.,서귀포시 대정읍 하모리 2140,"08:30 ~ 17:00(점심시간 : 12:00~13:00) 명절 설, 추석 당일 휴무"
제주올레,13,16.2km,약 4~5시간,뒷동산아리랑길,33.33544814,126.2394258,6,용수리 절부암에서 저지 예술정보화마을까지 이어지는 이 코스는 숲길과 밭길을 지나며 제주 자연의 다양한 매력을 만끽할 수 있어요.,서귀포시 대정읍 하모리 2140,"08:30 ~ 17:00(점심시간 : 12:00~13:00) 명절 설, 추석 당일 휴무"
제주올레,13,16.2km,약 4~5시간,저지오름,33.33401271,126.2506728,7,용수리 절부암에서 저지 예술정보화마을까지 이어지는 이 코스는 숲길과 밭길을 지나며 제주 자연의 다양한 매력을 만끽할 수 있어요.,서귀포시 대정읍 하모리 2140,"08:30 ~ 17:00(점심시간 : 12:00~13:00) 명절 설, 추석 당일 휴무"
제주올레,13,16.2km,약 4~5시간,저지예술정보화마을,33.3336845,126.2560988,8,용수리 절부암에서 저지 예술정보화마을까지 이어지는 이 코스는 숲길과 밭길을 지나며 제주 자연의 다양한 매력을 만끽할 수 있어요.,서귀포시 대정읍 하모리 2140,"08:30 ~ 17:00(점심시간 : 12:00~13:00) 명절 설, 추석 당일 휴무"
제주올레,14,19.9km,약 6~7시간,저지예술정보화마을,33.3336845,126.2560988,1,"저지예술 정보화마을에서 한림항까지 이어지는 다양한 길을 걷는 코스로, 돌담길, 숲길, 바닷길 등 다채로운 풍경을 즐길 수 있어요.",,
제주올레,14,19.9km,약 6~7시간,저지고망숲길,33.33584847,126.2541483,2,"저지예술 정보화마을에서 한림항까지 이어지는 다양한 길을 걷는 코스로, 돌담길, 숲길, 바닷길 등 다채로운 풍경을 즐길 수 있어요.",,
제주올레,14,19.9km,약 6~7시간,나눔허브,33.3442621,126.2484776,3,"저지예술 정보화마을에서 한림항까지 이어지는 다양한 길을 걷는 코스로, 돌담길, 숲길, 바닷길 등 다채로운 풍경을 즐길 수 있어요.",,
제주올레,14,19.9km,약 6~7시간,큰소낭숲길,33.346446,126.2495354,4,"저지예술 정보화마을에서 한림항까지 이어지는 다양한 길을 걷는 코스로, 돌담길, 숲길, 바닷길 등 다채로운 풍경을 즐길 수 있어요.",,
제주올레,14,19.9km,약 6~7시간,오시록헌농로,33.3893046,126.2266406,5,"저지예술 정보화마을에서 한림항까지 이어지는 다양한 길을 걷는 코스로, 돌담길, 숲길, 바닷길 등 다채로운 풍경을 즐길 수 있어요.",,
제주올레,14,19.9km,약 6~7시간,소낭쉼터,33.34757775,126.2369999,6,"저지예술 정보화마을에서 한림항까지 이어지는 다양한 길을 걷는 코스로, 돌담길, 숲길, 바닷길 등 다채로운 풍경을 즐길 수 있어요.",,
제주올레,14,19.9km,약 6~7시간,굴렁진숲길,33.3521908,126.2383885,7,"저지예술 정보화마을에서 한림항까지 이어지는 다양한 길을 걷는 코스로, 돌담길, 숲길, 바닷길 등 다채로운 풍경을 즐길 수 있어요.",,
제주올레,14,19.9km,약 6~7시간,월령숲길,33.35745208,126.2358394,8,"저지예술 정보화마을에서 한림항까지 이어지는 다양한 길을 걷는 코스로, 돌담길, 숲길, 바닷길 등 다채로운 풍경을 즐길 수 있어요.",,
제주올레,14,19.9km,약 6~7시간,무명천산책길 입구,33.35927702,126.2364439,9,"저지예술 정보화마을에서 한림항까지 이어지는 다양한 길을 걷는 코스로, 돌담길, 숲길, 바닷길 등 다채로운 풍경을 즐길 수 있어요.",,
제주올레,14,19.9km,약 6~7시간,새못교,33.3709406,126.2253965,10,"저지예술 정보화마을에서 한림항까지 이어지는 다양한 길을 걷는 코스로, 돌담길, 숲길, 바닷길 등 다채로운 풍경을 즐길 수 있어요.",,
제주올레,14,19.9km,약 6~7시간,선인장자생지 입구,33.1170436,126.2700266,11,"저지예술 정보화마을에서 한림항까지 이어지는 다양한 길을 걷는 코스로, 돌담길, 숲길, 바닷길 등 다채로운 풍경을 즐길 수 있어요.",,
제주올레,14,19.9km,약 6~7시간,월령포구,33.3784402,126.2163789,12,"저지예술 정보화마을에서 한림항까지 이어지는 다양한 길을 걷는 코스로, 돌담길, 숲길, 바닷길 등 다채로운 풍경을 즐길 수 있어요.",,
제주올레,14,19.9km,약 6~7시간,해녀콩서식지,33.38403977,126.2187852,13,"저지예술 정보화마을에서 한림항까지 이어지는 다양한 길을 걷는 코스로, 돌담길, 숲길, 바닷길 등 다채로운 풍경을 즐길 수 있어요.",,
제주올레,14,19.9km,약 6~7시간,금능포구,33.3903095,126.2286713,14,"저지예술 정보화마을에서 한림항까지 이어지는 다양한 길을 걷는 코스로, 돌담길, 숲길, 바닷길 등 다채로운 풍경을 즐길 수 있어요.",,
제주올레,14,19.9km,약 6~7시간,금능해수욕장,33.3898565,126.235364,15,"저지예술 정보화마을에서 한림항까지 이어지는 다양한 길을 걷는 코스로, 돌담길, 숲길, 바닷길 등 다채로운 풍경을 즐길 수 있어요.",,
제주올레,14,19.9km,약 6~7시간,협재해수욕장,33.3942945,126.2398813,16,"저지예술 정보화마을에서 한림항까지 이어지는 다양한 길을 걷는 코스로, 돌담길, 숲길, 바닷길 등 다채로운 풍경을 즐길 수 있어요.",,
제주올레,14,19.9km,약 6~7시간,협재어촌계복지회관 주차장,34.3505518,126.4762118,17,"저지예술 정보화마을에서 한림항까지 이어지는 다양한 길을 걷는 코스로, 돌담길, 숲길, 바닷길 등 다채로운 풍경을 즐길 수 있어요.",,
제주올레,14,19.9km,약 6~7시간,옹포리 명월포전적지,33.4004971,126.2552731,18,"저지예술 정보화마을에서 한림항까지 이어지는 다양한 길을 걷는 코스로, 돌담길, 숲길, 바닷길 등 다채로운 풍경을 즐길 수 있어요.",,
제주올레,14,19.9km,약 6~7시간,한림항도선대합실,33.418907,126.2627426,19,"저지예술 정보화마을에서 한림항까지 이어지는 다양한 길을 걷는 코스로, 돌담길, 숲길, 바닷길 등 다채로운 풍경을 즐길 수 있어요.",,
제주올레,14-1,9.3km,약 3~4시간,저지예술정보화마을,33.3336845,126.2560988,1,저지에서 무릉까지 이어지는 이 코스는 무성한 숲과 녹차밭을 지나며 자연의 생명력을 온몸으로 느낄 수 있는 길이에요.,,
제주올레,14-1,9.3km,약 3~4시간,저지리알못,33.3279794,126.2700715,2,저지에서 무릉까지 이어지는 이 코스는 무성한 숲과 녹차밭을 지나며 자연의 생명력을 온몸으로 느낄 수 있는 길이에요.,,
제주올레,14-1,9.3km,약 3~4시간,강정동산,33.3334317,126.2772302,3,저지에서 무릉까지 이어지는 이 코스는 무성한 숲과 녹차밭을 지나며 자연의 생명력을 온몸으로 느낄 수 있는 길이에요.,,
제주올레,14-1,9.3km,약 3~4시간,저지곶자왈,33.3319927,126.2887132,4,저지에서 무릉까지 이어지는 이 코스는 무성한 숲과 녹차밭을 지나며 자연의 생명력을 온몸으로 느낄 수 있는 길이에요.,,
제주올레,14-1,9.3km,약 3~4시간,문도지오름 입구,33.32835226,126.2959591,5,저지에서 무릉까지 이어지는 이 코스는 무성한 숲과 녹차밭을 지나며 자연의 생명력을 온몸으로 느낄 수 있는 길이에요.,,
제주올레,14-1,9.3km,약 3~4시간,문도지오름,33.3262524,126.2958076,6,저지에서 무릉까지 이어지는 이 코스는 무성한 숲과 녹차밭을 지나며 자연의 생명력을 온몸으로 느낄 수 있는 길이에요.,,
제주올레,14-1,9.3km,약 3~4시간,문도지오름 출구,33.32533799,126.2970359,7,저지에서 무릉까지 이어지는 이 코스는 무성한 숲과 녹차밭을 지나며 자연의 생명력을 온몸으로 느낄 수 있는 길이에요.,,
제주올레,14-1,9.3km,약 3~4시간,오설록티뮤지엄 서광차밭,33.3059438,126.289437,8,저지에서 무릉까지 이어지는 이 코스는 무성한 숲과 녹차밭을 지나며 자연의 생명력을 온몸으로 느낄 수 있는 길이에요.,,
제주올레,15-A,16.5km,약 5~6시간,한림항도선대합실,33.418907,126.2627426,1,"한림에서 출발해 중산간을 지나 고내의 바다로 이어지는 이 코스는 해녀문화와 아름다운 해변, 연화못을 감상할 수 있어요.",제주시 한경면 저지리 1843-4,"08:30~17:00(점심시간 : 12:00~13:00) 명절 설, 추석 당일 휴무"
제주올레,15-A,16.5km,약 5~6시간,영생이물통,33.42769707,126.2806908,2,"한림에서 출발해 중산간을 지나 고내의 바다로 이어지는 이 코스는 해녀문화와 아름다운 해변, 연화못을 감상할 수 있어요.",제주시 한경면 저지리 1843-4,"08:30~17:00(점심시간 : 12:00~13:00) 명절 설, 추석 당일 휴무"
제주올레,15-A,16.5km,약 5~6시간,선운정사,33.4293517,126.3071931,3,"한림에서 출발해 중산간을 지나 고내의 바다로 이어지는 이 코스는 해녀문화와 아름다운 해변, 연화못을 감상할 수 있어요.",제주시 한경면 저지리 1843-4,"08:30~17:00(점심시간 : 12:00~13:00) 명절 설, 추석 당일 휴무"
제주올레,15-A,16.5km,약 5~6시간,납읍숲길,33.43141679,126.3265749,4,"한림에서 출발해 중산간을 지나 고내의 바다로 이어지는 이 코스는 해녀문화와 아름다운 해변, 연화못을 감상할 수 있어요.",제주시 한경면 저지리 1843-4,"08:30~17:00(점심시간 : 12:00~13:00) 명절 설, 추석 당일 휴무"
제주올레,15-A,16.5km,약 5~6시간,납읍리난대림 화장실,33.4284054,126.3417831,5,"한림에서 출발해 중산간을 지나 고내의 바다로 이어지는 이 코스는 해녀문화와 아름다운 해변, 연화못을 감상할 수 있어요.",제주시 한경면 저지리 1843-4,"08:30~17:00(점심시간 : 12:00~13:00) 명절 설, 추석 당일 휴무"
제주올레,15-A,16.5km,약 5~6시간,고내봉 입구,33.4591265,126.3418004,6,"한림에서 출발해 중산간을 지나 고내의 바다로 이어지는 이 코스는 해녀문화와 아름다운 해변, 연화못을 감상할 수 있어요.",제주시 한경면 저지리 1843-4,"08:30~17:00(점심시간 : 12:00~13:00) 명절 설, 추석 당일 휴무"
제주올레,15-A,16.5km,약 5~6시간,고내포구 우주물,33.4674208,126.3376169,7,"한림에서 출발해 중산간을 지나 고내의 바다로 이어지는 이 코스는 해녀문화와 아름다운 해변, 연화못을 감상할 수 있어요.",제주시 한경면 저지리 1843-4,"08:30~17:00(점심시간 : 12:00~13:00) 명절 설, 추석 당일 휴무"
제주올레,15-B,13.5km,약 4~5시간,한림항도선대합실,33.418907,126.2627426,1,"제주 서쪽 바다의 쪽빛 풍광을 즐기며 한림항에서 고내포구까지 걷는 코스로, 곽지과물해변과 애월 한담해안산책로가 주요 포인트예요.",제주시 한경면 저지리 1843-4,"08:30~17:00(점심시간 : 12:00~13:00) 명절 설, 추석 당일 휴무"
제주올레,15-B,13.5km,약 4~5시간,제주한수풀해녀학교,33.4428251,126.2786791,2,"제주 서쪽 바다의 쪽빛 풍광을 즐기며 한림항에서 고내포구까지 걷는 코스로, 곽지과물해변과 애월 한담해안산책로가 주요 포인트예요.",제주시 한경면 저지리 1843-4,"08:30~17:00(점심시간 : 12:00~13:00) 명절 설, 추석 당일 휴무"
제주올레,15-B,13.5km,약 4~5시간,금성천 정자,33.44761707,126.3002938,3,"제주 서쪽 바다의 쪽빛 풍광을 즐기며 한림항에서 고내포구까지 걷는 코스로, 곽지과물해변과 애월 한담해안산책로가 주요 포인트예요.",제주시 한경면 저지리 1843-4,"08:30~17:00(점심시간 : 12:00~13:00) 명절 설, 추석 당일 휴무"
제주올레,15-B,13.5km,약 4~5시간,애월초등학교,33.4650985,126.3229734,4,"제주 서쪽 바다의 쪽빛 풍광을 즐기며 한림항에서 고내포구까지 걷는 코스로, 곽지과물해변과 애월 한담해안산책로가 주요 포인트예요.",제주시 한경면 저지리 1843-4,"08:30~17:00(점심시간 : 12:00~13:00) 명절 설, 추석 당일 휴무"
제주올레,15-B,13.5km,약 4~5시간,고내포구 우주물,33.4674208,126.3376169,5,"제주 서쪽 바다의 쪽빛 풍광을 즐기며 한림항에서 고내포구까지 걷는 코스로, 곽지과물해변과 애월 한담해안산책로가 주요 포인트예요.",제주시 한경면 저지리 1843-4,"08:30~17:00(점심시간 : 12:00~13:00) 명절 설, 추석 당일 휴무"
제주올레,16,15.8km,약 5~6시간,고내포구,33.4674208,126.3376169,1,"고내포구에서 광령 1리까지 이어지는 코스는 바다, 저수지, 숲, 그리고 삼별초 항전의 옛 토성 등 다양한 경관과 평화로운 마을을 만날 수 있어요.",제주시 한림읍 대림리 2019-17,"08:30~17:00(점심시간 : 12:00~13:00) 명절 설, 추석 당일 휴무"
제주올레,16,15.8km,약 5~6시간,남두연대,33.4791943,126.358524,2,"고내포구에서 광령 1리까지 이어지는 코스는 바다, 저수지, 숲, 그리고 삼별초 항전의 옛 토성 등 다양한 경관과 평화로운 마을을 만날 수 있어요.",제주시 한림읍 대림리 2019-17,"08:30~17:00(점심시간 : 12:00~13:00) 명절 설, 추석 당일 휴무"
제주올레,16,15.8km,약 5~6시간,구엄어촌체험마을,33.48382825,126.3769968,3,"고내포구에서 광령 1리까지 이어지는 코스는 바다, 저수지, 숲, 그리고 삼별초 항전의 옛 토성 등 다양한 경관과 평화로운 마을을 만날 수 있어요.",제주시 한림읍 대림리 2019-17,"08:30~17:00(점심시간 : 12:00~13:00) 명절 설, 추석 당일 휴무"
제주올레,16,15.8km,약 5~6시간,수산봉,33.473855,126.3841261,4,"고내포구에서 광령 1리까지 이어지는 코스는 바다, 저수지, 숲, 그리고 삼별초 항전의 옛 토성 등 다양한 경관과 평화로운 마을을 만날 수 있어요.",제주시 한림읍 대림리 2019-17,"08:30~17:00(점심시간 : 12:00~13:00) 명절 설, 추석 당일 휴무"
제주올레,16,15.8km,약 5~6시간,예원동복지회관,33.46091518,126.3981415,5,"고내포구에서 광령 1리까지 이어지는 코스는 바다, 저수지, 숲, 그리고 삼별초 항전의 옛 토성 등 다양한 경관과 평화로운 마을을 만날 수 있어요.",제주시 한림읍 대림리 2019-17,"08:30~17:00(점심시간 : 12:00~13:00) 명절 설, 추석 당일 휴무"
제주올레,16,15.8km,약 5~6시간,항파두리 항몽유적지,33.45319686,126.4082997,6,"고내포구에서 광령 1리까지 이어지는 코스는 바다, 저수지, 숲, 그리고 삼별초 항전의 옛 토성 등 다양한 경관과 평화로운 마을을 만날 수 있어요.",제주시 한림읍 대림리 2019-17,"08:30~17:00(점심시간 : 12:00~13:00) 명절 설, 추석 당일 휴무"
제주올레,16,15.8km,약 5~6시간,광령1리사무소,33.46227011,126.4471246,7,"고내포구에서 광령 1리까지 이어지는 코스는 바다, 저수지, 숲, 그리고 삼별초 항전의 옛 토성 등 다양한 경관과 평화로운 마을을 만날 수 있어요.",제주시 한림읍 대림리 2019-17,"08:30~17:00(점심시간 : 12:00~13:00) 명절 설, 추석 당일 휴무"
제주올레,17,18.1km,약 6~7시간,광령1리사무소,33.46227011,126.4471246,1,"광령 1리에서 우유부단 크림 공작소까지 이어지는 이 코스는 제주의 과거와 현재를 느끼며, 무수천과 제주문화원, 민속자연사박물관을 방문할 수 있어요.",제주시 한림읍 대림리 2019-17,"08:30~17:00(점심시간 : 12:00~13:00) 명절 설, 추석 당일 휴무"
제주올레,17,18.1km,약 6~7시간,무수천트멍길,33.47364862,126.4441523,2,"광령 1리에서 우유부단 크림 공작소까지 이어지는 이 코스는 제주의 과거와 현재를 느끼며, 무수천과 제주문화원, 민속자연사박물관을 방문할 수 있어요.",제주시 한림읍 대림리 2019-17,"08:30~17:00(점심시간 : 12:00~13:00) 명절 설, 추석 당일 휴무"
제주올레,17,18.1km,약 6~7시간,외도월대 공중화장실,33.49282648,126.4363978,3,"광령 1리에서 우유부단 크림 공작소까지 이어지는 이 코스는 제주의 과거와 현재를 느끼며, 무수천과 제주문화원, 민속자연사박물관을 방문할 수 있어요.",제주시 한림읍 대림리 2019-17,"08:30~17:00(점심시간 : 12:00~13:00) 명절 설, 추석 당일 휴무"
제주올레,17,18.1km,약 6~7시간,이호테우해수욕장,33.496152,126.45522,4,"광령 1리에서 우유부단 크림 공작소까지 이어지는 이 코스는 제주의 과거와 현재를 느끼며, 무수천과 제주문화원, 민속자연사박물관을 방문할 수 있어요.",제주시 한림읍 대림리 2019-17,"08:30~17:00(점심시간 : 12:00~13:00) 명절 설, 추석 당일 휴무"
제주올레,17,18.1km,약 6~7시간,어영소공원 화장실,33.51822149,126.4876811,5,"광령 1리에서 우유부단 크림 공작소까지 이어지는 이 코스는 제주의 과거와 현재를 느끼며, 무수천과 제주문화원, 민속자연사박물관을 방문할 수 있어요.",제주시 한림읍 대림리 2019-17,"08:30~17:00(점심시간 : 12:00~13:00) 명절 설, 추석 당일 휴무"
제주올레,17,18.1km,약 6~7시간,용연구름다리,33.5148865,126.5143684,6,"광령 1리에서 우유부단 크림 공작소까지 이어지는 이 코스는 제주의 과거와 현재를 느끼며, 무수천과 제주문화원, 민속자연사박물관을 방문할 수 있어요.",제주시 한림읍 대림리 2019-17,"08:30~17:00(점심시간 : 12:00~13:00) 명절 설, 추석 당일 휴무"
제주올레,17,18.1km,약 6~7시간,간세라운지,33.51250272,126.5243091,7,"광령 1리에서 우유부단 크림 공작소까지 이어지는 이 코스는 제주의 과거와 현재를 느끼며, 무수천과 제주문화원, 민속자연사박물관을 방문할 수 있어요.",제주시 한림읍 대림리 2019-17,"08:30~17:00(점심시간 : 12:00~13:00) 명절 설, 추석 당일 휴무"
제주올레,18,19.8km,약 6~7시간,간세라운지,33.51250272,126.5243091,1,"동문로터리에서 조천 만세동산까지 이어지는 이 코스는 제주의 역사와 자연, 문화를 함께 경험할 수 있는 올레길이에요.",제주시 애월읍 고내리 1103-1,"08:30~17:00(점심시간 : 12:00~13:00) 명절 설, 추석 당일 휴무"
제주올레,18,19.8km,약 6~7시간,사라봉,33.5180564,126.5460544,2,"동문로터리에서 조천 만세동산까지 이어지는 이 코스는 제주의 역사와 자연, 문화를 함께 경험할 수 있는 올레길이에요.",제주시 애월읍 고내리 1103-1,"08:30~17:00(점심시간 : 12:00~13:00) 명절 설, 추석 당일 휴무"
제주올레,18,19.8km,약 6~7시간,별도봉산책로,33.5187659,126.5484053,3,"동문로터리에서 조천 만세동산까지 이어지는 이 코스는 제주의 역사와 자연, 문화를 함께 경험할 수 있는 올레길이에요.",제주시 애월읍 고내리 1103-1,"08:30~17:00(점심시간 : 12:00~13:00) 명절 설, 추석 당일 휴무"
제주올레,18,19.8km,약 6~7시간,화북포구,33.5252237,126.567219,4,"동문로터리에서 조천 만세동산까지 이어지는 이 코스는 제주의 역사와 자연, 문화를 함께 경험할 수 있는 올레길이에요.",제주시 애월읍 고내리 1103-1,"08:30~17:00(점심시간 : 12:00~13:00) 명절 설, 추석 당일 휴무"
제주올레,18,19.8km,약 6~7시간,삼양해수욕장,33.5260277,126.5869144,5,"동문로터리에서 조천 만세동산까지 이어지는 이 코스는 제주의 역사와 자연, 문화를 함께 경험할 수 있는 올레길이에요.",제주시 애월읍 고내리 1103-1,"08:30~17:00(점심시간 : 12:00~13:00) 명절 설, 추석 당일 휴무"
제주올레,18,19.8km,약 6~7시간,닭머르,33.5365363,126.611795,6,"동문로터리에서 조천 만세동산까지 이어지는 이 코스는 제주의 역사와 자연, 문화를 함께 경험할 수 있는 올레길이에요.",제주시 애월읍 고내리 1103-1,"08:30~17:00(점심시간 : 12:00~13:00) 명절 설, 추석 당일 휴무"
제주올레,18,19.8km,약 6~7시간,연북정,33.540066,126.63616,7,"동문로터리에서 조천 만세동산까지 이어지는 이 코스는 제주의 역사와 자연, 문화를 함께 경험할 수 있는 올레길이에요.",제주시 애월읍 고내리 1103-1,"08:30~17:00(점심시간 : 12:00~13:00) 명절 설, 추석 당일 휴무"
제주올레,18,19.8km,약 6~7시간,제주올레19코스 공식안내소,33.540373,126.6399666,8,"동문로터리에서 조천 만세동산까지 이어지는 이 코스는 제주의 역사와 자연, 문화를 함께 경험할 수 있는 올레길이에요.",제주시 애월읍 고내리 1103-1,"08:30~17:00(점심시간 : 12:00~13:00) 명절 설, 추석 당일 휴무"
제주올레,18-1,11.4km,약 4~5시간,상추자항,33.9623538,126.2972245,1,"추자도 상추자항에서 시작해 여러 봉우리를 오르내리며 하루 동안 걷는 코스로, 아름다운 자연과 섬의 풍경을 만끽할 수 있어요.",제주시 용담2동 2002,"08:00~21:00, 연중무휴"
제주올레,18-1,11.4km,약 4~5시간,추자등대,33.95529401,126.2967728,2,"추자도 상추자항에서 시작해 여러 봉우리를 오르내리며 하루 동안 걷는 코스로, 아름다운 자연과 섬의 풍경을 만끽할 수 있어요.",제주시 용담2동 2002,"08:00~21:00, 연중무휴"
제주올레,18-1,11.4km,약 4~5시간,묵리슈퍼,33.948255,126.3145612,3,"추자도 상추자항에서 시작해 여러 봉우리를 오르내리며 하루 동안 걷는 코스로, 아름다운 자연과 섬의 풍경을 만끽할 수 있어요.",제주시 용담2동 2002,"08:00~21:00, 연중무휴"
제주올레,18-1,11.4km,약 4~5시간,신양항,33.428168,126.916371,4,"추자도 상추자항에서 시작해 여러 봉우리를 오르내리며 하루 동안 걷는 코스로, 아름다운 자연과 섬의 풍경을 만끽할 수 있어요.",제주시 용담2동 2002,"08:00~21:00, 연중무휴"
제주올레,18-1,11.4km,약 4~5시간,동대산 정상,33.3785614,126.5661908,5,"추자도 상추자항에서 시작해 여러 봉우리를 오르내리며 하루 동안 걷는 코스로, 아름다운 자연과 섬의 풍경을 만끽할 수 있어요.",제주시 용담2동 2002,"08:00~21:00, 연중무휴"
제주올레,18-1,11.4km,약 4~5시간,영흥쉼터,33.95998078,126.2961872,6,"추자도 상추자항에서 시작해 여러 봉우리를 오르내리며 하루 동안 걷는 코스로, 아름다운 자연과 섬의 풍경을 만끽할 수 있어요.",제주시 용담2동 2002,"08:00~21:00, 연중무휴"
제주올레,18-1,11.4km,약 4~5시간,상추자항,33.9623538,126.2972245,7,"추자도 상추자항에서 시작해 여러 봉우리를 오르내리며 하루 동안 걷는 코스로, 아름다운 자연과 섬의 풍경을 만끽할 수 있어요.",제주시 용담2동 2002,"08:00~21:00, 연중무휴"
제주올레,19,19.4km,약 6~7시간,제주올레19코스 공식안내소,33.540373,126.6399666,1,"조천 만세동산에서 김녕까지 이어지는 코스는 바다, 오름, 곶자왈, 마을 등을 지나며 제주 자연의 아름다움을 감상할 수 있어요.",제주시 관덕로8길 7-9,"08:00~17:00(점심시간 : 12:00~13:00) 명절 설, 추석 당일 휴무"
제주올레,19,19.4km,약 6~7시간,신흥해수욕장,34.1836896,126.9078419,2,"조천 만세동산에서 김녕까지 이어지는 코스는 바다, 오름, 곶자왈, 마을 등을 지나며 제주 자연의 아름다움을 감상할 수 있어요.",제주시 관덕로8길 7-9,"08:00~17:00(점심시간 : 12:00~13:00) 명절 설, 추석 당일 휴무"
제주올레,19,19.4km,약 6~7시간,함덕해수욕장,33.5434231,126.6697752,3,"조천 만세동산에서 김녕까지 이어지는 코스는 바다, 오름, 곶자왈, 마을 등을 지나며 제주 자연의 아름다움을 감상할 수 있어요.",제주시 관덕로8길 7-9,"08:00~17:00(점심시간 : 12:00~13:00) 명절 설, 추석 당일 휴무"
제주올레,19,19.4km,약 6~7시간,너븐숭이4.3기념관,33.5459875,126.6887641,4,"조천 만세동산에서 김녕까지 이어지는 코스는 바다, 오름, 곶자왈, 마을 등을 지나며 제주 자연의 아름다움을 감상할 수 있어요.",제주시 관덕로8길 7-9,"08:00~17:00(점심시간 : 12:00~13:00) 명절 설, 추석 당일 휴무"
제주올레,19,19.4km,약 6~7시간,동복리마을운동장,33.5420371,126.7133784,5,"조천 만세동산에서 김녕까지 이어지는 코스는 바다, 오름, 곶자왈, 마을 등을 지나며 제주 자연의 아름다움을 감상할 수 있어요.",제주시 관덕로8길 7-9,"08:00~17:00(점심시간 : 12:00~13:00) 명절 설, 추석 당일 휴무"
제주올레,19,19.4km,약 6~7시간,김녕농로,33.55608996,126.7428892,6,"조천 만세동산에서 김녕까지 이어지는 코스는 바다, 오름, 곶자왈, 마을 등을 지나며 제주 자연의 아름다움을 감상할 수 있어요.",제주시 관덕로8길 7-9,"08:00~17:00(점심시간 : 12:00~13:00) 명절 설, 추석 당일 휴무"
제주올레,19,19.4km,약 6~7시간,김녕서포구,33.557768,126.745,7,"조천 만세동산에서 김녕까지 이어지는 코스는 바다, 오름, 곶자왈, 마을 등을 지나며 제주 자연의 아름다움을 감상할 수 있어요.",제주시 관덕로8길 7-9,"08:00~17:00(점심시간 : 12:00~13:00) 명절 설, 추석 당일 휴무"
제주올레,20,17.6km,약 5~6시간,김녕서포구,33.557768,126.745,1,"김녕 서포구에서 하도 해녀박물관까지 이어지는 코스로, 제주 북동부의 바다 경관과 해녀의 삶을 느낄 수 있는 여정이에요.",제주시 추자면 대서리 19-1,"08:00~17:00(점심시간 : 12:00~13:00) 명절 설, 추석 당일 휴무"
제주올레,20,17.6km,약 5~6시간,성세기태역길,33.55922181,126.7626087,2,"김녕 서포구에서 하도 해녀박물관까지 이어지는 코스로, 제주 북동부의 바다 경관과 해녀의 삶을 느낄 수 있는 여정이에요.",제주시 추자면 대서리 19-1,"08:00~17:00(점심시간 : 12:00~13:00) 명절 설, 추석 당일 휴무"
제주올레,20,17.6km,약 5~6시간,월정리해수욕장,33.5559739,126.7961709,3,"김녕 서포구에서 하도 해녀박물관까지 이어지는 코스로, 제주 북동부의 바다 경관과 해녀의 삶을 느낄 수 있는 여정이에요.",제주시 추자면 대서리 19-1,"08:00~17:00(점심시간 : 12:00~13:00) 명절 설, 추석 당일 휴무"
제주올레,20,17.6km,약 5~6시간,광해군 기착비,33.55644616,126.8074729,4,"김녕 서포구에서 하도 해녀박물관까지 이어지는 코스로, 제주 북동부의 바다 경관과 해녀의 삶을 느낄 수 있는 여정이에요.",제주시 추자면 대서리 19-1,"08:00~17:00(점심시간 : 12:00~13:00) 명절 설, 추석 당일 휴무"
제주올레,20,17.6km,약 5~6시간,제주구좌농공단지 입구,33.3623586,126.2475335,5,"김녕 서포구에서 하도 해녀박물관까지 이어지는 코스로, 제주 북동부의 바다 경관과 해녀의 삶을 느낄 수 있는 여정이에요.",제주시 추자면 대서리 19-1,"08:00~17:00(점심시간 : 12:00~13:00) 명절 설, 추석 당일 휴무"
제주올레,20,17.6km,약 5~6시간,한동해안도로,33.5433573,126.8273724,6,"김녕 서포구에서 하도 해녀박물관까지 이어지는 코스로, 제주 북동부의 바다 경관과 해녀의 삶을 느낄 수 있는 여정이에요.",제주시 추자면 대서리 19-1,"08:00~17:00(점심시간 : 12:00~13:00) 명절 설, 추석 당일 휴무"
제주올레,20,17.6km,약 5~6시간,평대리해수욕장,33.5099291,126.8271354,7,"김녕 서포구에서 하도 해녀박물관까지 이어지는 코스로, 제주 북동부의 바다 경관과 해녀의 삶을 느낄 수 있는 여정이에요.",제주시 추자면 대서리 19-1,"08:00~17:00(점심시간 : 12:00~13:00) 명절 설, 추석 당일 휴무"
제주올레,20,17.6km,약 5~6시간,제주해녀박물관 전기차충전소,33.523525,126.863486,8,"김녕 서포구에서 하도 해녀박물관까지 이어지는 코스로, 제주 북동부의 바다 경관과 해녀의 삶을 느낄 수 있는 여정이에요.",제주시 추자면 대서리 19-1,"08:00~17:00(점심시간 : 12:00~13:00) 명절 설, 추석 당일 휴무"
제주올레,21,10.8km,약 3~4시간,제주해녀박물관 전기차충전소,33.523525,126.863486,1,"제주해녀박물관에서 종달바당까지 이어지는 코스로, 지미봉을 제외하면 평탄하며 바다, 밭길, 오름을 고루 체험할 수 있어요.",제주시 조천읍 조천리 2859-1,"08:00~17:00(점심시간 : 12:00~13:00) 명절 설, 추석 당일 휴무"
제주올레,21,10.8km,약 3~4시간,낯물밭길,33.52186157,126.8994932,2,"제주해녀박물관에서 종달바당까지 이어지는 코스로, 지미봉을 제외하면 평탄하며 바다, 밭길, 오름을 고루 체험할 수 있어요.",제주시 조천읍 조천리 2859-1,"08:00~17:00(점심시간 : 12:00~13:00) 명절 설, 추석 당일 휴무"
제주올레,21,10.8km,약 3~4시간,별방진,33.5266056,126.8840271,3,"제주해녀박물관에서 종달바당까지 이어지는 코스로, 지미봉을 제외하면 평탄하며 바다, 밭길, 오름을 고루 체험할 수 있어요.",제주시 조천읍 조천리 2859-1,"08:00~17:00(점심시간 : 12:00~13:00) 명절 설, 추석 당일 휴무"
제주올레,21,10.8km,약 3~4시간,석다원,33.5270996,126.8892479,4,"제주해녀박물관에서 종달바당까지 이어지는 코스로, 지미봉을 제외하면 평탄하며 바다, 밭길, 오름을 고루 체험할 수 있어요.",제주시 조천읍 조천리 2859-1,"08:00~17:00(점심시간 : 12:00~13:00) 명절 설, 추석 당일 휴무"
제주올레,21,10.8km,약 3~4시간,토끼섬 입구,33.52186157,126.8994932,5,"제주해녀박물관에서 종달바당까지 이어지는 코스로, 지미봉을 제외하면 평탄하며 바다, 밭길, 오름을 고루 체험할 수 있어요.",제주시 조천읍 조천리 2859-1,"08:00~17:00(점심시간 : 12:00~13:00) 명절 설, 추석 당일 휴무"
제주올레,21,10.8km,약 3~4시간,하도해변,33.5129078,126.8988182,6,"제주해녀박물관에서 종달바당까지 이어지는 코스로, 지미봉을 제외하면 평탄하며 바다, 밭길, 오름을 고루 체험할 수 있어요.",제주시 조천읍 조천리 2859-1,"08:00~17:00(점심시간 : 12:00~13:00) 명절 설, 추석 당일 휴무"
제주올레,21,10.8km,약 3~4시간,지미봉,33.4992833,126.901947,7,"제주해녀박물관에서 종달바당까지 이어지는 코스로, 지미봉을 제외하면 평탄하며 바다, 밭길, 오름을 고루 체험할 수 있어요.",제주시 조천읍 조천리 2859-1,"08:00~17:00(점심시간 : 12:00~13:00) 명절 설, 추석 당일 휴무"
제주올레,21,10.8km,약 3~4시간,종달리해변,33.4791521,126.8667686,8,"제주해녀박물관에서 종달바당까지 이어지는 코스로, 지미봉을 제외하면 평탄하며 바다, 밭길, 오름을 고루 체험할 수 있어요.",제주시 조천읍 조천리 2859-1,"08:00~17:00(점심시간 : 12:00~13:00) 명절 설, 추석 당일 휴무"
하영올레,1,8.9km,약 3시간,법장사 골목길,33.251431,126.55475,1,"하영올레는 서귀포 원도심의 자연과 인문적 자원을 느낄 수 있는 도보 코스로, 3개의 코스로 구성된 길이에요.",제주120 만덕콜센터 064-120,07:00~22:00  연중무휴
하영올레,1,8.9km,약 3시간,걸매 생태공원,33.2499864,126.5551498,2,"하영올레는 서귀포 원도심의 자연과 인문적 자원을 느낄 수 있는 도보 코스로, 3개의 코스로 구성된 길이에요.",제주120 만덕콜센터 064-120,07:00~22:00  연중무휴
하영올레,1,8.9km,약 3시간,천지연 폭포,33.246944,126.554417,3,"하영올레는 서귀포 원도심의 자연과 인문적 자원을 느낄 수 있는 도보 코스로, 3개의 코스로 구성된 길이에요.",제주120 만덕콜센터 064-120,07:00~22:00  연중무휴
하영올레,1,8.9km,약 3시간,서귀포 칠십리시공원,33.2470894,126.5532564,4,"하영올레는 서귀포 원도심의 자연과 인문적 자원을 느낄 수 있는 도보 코스로, 3개의 코스로 구성된 길이에요.",제주120 만덕콜센터 064-120,07:00~22:00  연중무휴
하영올레,1,8.9km,약 3시간,새연교,33.2374705,126.5597705,5,"하영올레는 서귀포 원도심의 자연과 인문적 자원을 느낄 수 있는 도보 코스로, 3개의 코스로 구성된 길이에요.",제주120 만덕콜센터 064-120,07:00~22:00  연중무휴
하영올레,1,8.9km,약 3시간,새섬,33.2368235,126.5620749,6,"하영올레는 서귀포 원도심의 자연과 인문적 자원을 느낄 수 있는 도보 코스로, 3개의 코스로 구성된 길이에요.",제주120 만덕콜센터 064-120,07:00~22:00  연중무휴
하영올레,1,8.9km,약 3시간,천지연 기정길,33.2496664,126.5450473,7,"하영올레는 서귀포 원도심의 자연과 인문적 자원을 느낄 수 있는 도보 코스로, 3개의 코스로 구성된 길이에요.",제주120 만덕콜센터 064-120,07:00~22:00  연중무휴
하영올레,1,8.9km,약 3시간,제주 올레 여행자 센터,33.2474043,126.5587322,8,"하영올레는 서귀포 원도심의 자연과 인문적 자원을 느낄 수 있는 도보 코스로, 3개의 코스로 구성된 길이에요.",제주120 만덕콜센터 064-120,07:00~22:00  연중무휴
하영올레,1,8.9km,약 3시간,아랑 조을거리,33.24775958,126.5611085,9,"하영올레는 서귀포 원도심의 자연과 인문적 자원을 느낄 수 있는 도보 코스로, 3개의 코스로 구성된 길이에요.",제주120 만덕콜센터 064-120,07:00~22:00  연중무휴
하영올레,2,6.4km,약 1시간 30분,아시아 CGI애니메이션 센터,33.2523557,126.5673129,1,"하영올레는 서귀포 원도심의 자연과 인문적 자원을 느낄 수 있는 도보 코스로, 3개의 코스로 구성된 길이에요.",제주120 만덕콜센터 064-120,07:00~22:00  연중무휴
하영올레,2,6.4km,약 1시간 30분,태평 근린 공원,33.250936,126.570312,2,"하영올레는 서귀포 원도심의 자연과 인문적 자원을 느낄 수 있는 도보 코스로, 3개의 코스로 구성된 길이에요.",제주120 만덕콜센터 064-120,07:00~22:00  연중무휴
하영올레,2,6.4km,약 1시간 30분,무량 정사,33.24872877,126.5713008,3,"하영올레는 서귀포 원도심의 자연과 인문적 자원을 느낄 수 있는 도보 코스로, 3개의 코스로 구성된 길이에요.",제주120 만덕콜센터 064-120,07:00~22:00  연중무휴
하영올레,2,6.4km,약 1시간 30분,정모시 쉼터,33.2469549,126.571885,4,"하영올레는 서귀포 원도심의 자연과 인문적 자원을 느낄 수 있는 도보 코스로, 3개의 코스로 구성된 길이에요.",제주120 만덕콜센터 064-120,07:00~22:00  연중무휴
하영올레,2,6.4km,약 1시간 30분,서복 불로초공원,33.24467495,126.5925467,5,"하영올레는 서귀포 원도심의 자연과 인문적 자원을 느낄 수 있는 도보 코스로, 3개의 코스로 구성된 길이에요.",제주120 만덕콜센터 064-120,07:00~22:00  연중무휴
하영올레,2,6.4km,약 1시간 30분,서복 전시관,33.2448496,126.5709228,6,"하영올레는 서귀포 원도심의 자연과 인문적 자원을 느낄 수 있는 도보 코스로, 3개의 코스로 구성된 길이에요.",제주120 만덕콜센터 064-120,07:00~22:00  연중무휴
하영올레,2,6.4km,약 1시간 30분,소남 머리,33.2434608,126.5696173,7,"하영올레는 서귀포 원도심의 자연과 인문적 자원을 느낄 수 있는 도보 코스로, 3개의 코스로 구성된 길이에요.",제주120 만덕콜센터 064-120,07:00~22:00  연중무휴
하영올레,2,6.4km,약 1시간 30분,자구리 해안,33.24329777,126.5681931,8,"하영올레는 서귀포 원도심의 자연과 인문적 자원을 느낄 수 있는 도보 코스로, 3개의 코스로 구성된 길이에요.",제주120 만덕콜센터 064-120,07:00~22:00  연중무휴
하영올레,2,6.4km,약 1시간 30분,서귀포항,33.2541205,126.560076,9,"하영올레는 서귀포 원도심의 자연과 인문적 자원을 느낄 수 있는 도보 코스로, 3개의 코스로 구성된 길이에요.",제주120 만덕콜센터 064-120,07:00~22:00  연중무휴
하영올레,2,6.4km,약 1시간 30분,서귀진성,33.24141485,126.6015986,10,"하영올레는 서귀포 원도심의 자연과 인문적 자원을 느낄 수 있는 도보 코스로, 3개의 코스로 구성된 길이에요.",제주120 만덕콜센터 064-120,07:00~22:00  연중무휴
하영올레,2,6.4km,약 1시간 30분,이중섭 미술관,33.2458403,126.56494,11,"하영올레는 서귀포 원도심의 자연과 인문적 자원을 느낄 수 있는 도보 코스로, 3개의 코스로 구성된 길이에요.",제주120 만덕콜센터 064-120,07:00~22:00  연중무휴
하영올레,2,6.4km,약 1시간 30분,이중섭 거리,33.2449989,126.5643496,12,"하영올레는 서귀포 원도심의 자연과 인문적 자원을 느낄 수 있는 도보 코스로, 3개의 코스로 구성된 길이에요.",제주120 만덕콜센터 064-120,07:00~22:00  연중무휴
하영올레,2,6.4km,약 1시간 30분,매일 올레 시장,33.2486815,126.5641127,13,"하영올레는 서귀포 원도심의 자연과 인문적 자원을 느낄 수 있는 도보 코스로, 3개의 코스로 구성된 길이에요.",제주120 만덕콜센터 064-120,07:00~22:00  연중무휴
하영올레,3,7.5km,약 2시간 30분,솜반천 탐방로,33.251848,126.554753,1,"하영올레는 서귀포 원도심의 자연과 인문적 자원을 느낄 수 있는 도보 코스로, 3개의 코스로 구성된 길이에요.",제주120 만덕콜센터 064-120,07:00~22:00  연중무휴
하영올레,3,7.5km,약 2시간 30분,흙담 소나무길,33.2870377,126.5409432,2,"하영올레는 서귀포 원도심의 자연과 인문적 자원을 느낄 수 있는 도보 코스로, 3개의 코스로 구성된 길이에요.",제주120 만덕콜센터 064-120,07:00~22:00  연중무휴
하영올레,3,7.5km,약 2시간 30분,변시지 그림정원,33.26475155,126.5536753,3,"하영올레는 서귀포 원도심의 자연과 인문적 자원을 느낄 수 있는 도보 코스로, 3개의 코스로 구성된 길이에요.",제주120 만덕콜센터 064-120,07:00~22:00  연중무휴
하영올레,3,7.5km,약 2시간 30분,지장샘,33.2672374,126.5657154,4,"하영올레는 서귀포 원도심의 자연과 인문적 자원을 느낄 수 있는 도보 코스로, 3개의 코스로 구성된 길이에요.",제주120 만덕콜센터 064-120,07:00~22:00  연중무휴
하영올레,3,7.5km,약 2시간 30분,면형의집,33.2662846,126.5593397,5,"하영올레는 서귀포 원도심의 자연과 인문적 자원을 느낄 수 있는 도보 코스로, 3개의 코스로 구성된 길이에요.",제주120 만덕콜센터 064-120,07:00~22:00  연중무휴
하영올레,3,7.5km,약 2시간 30분,산지물 물놀이장,33.26430131,126.5647208,6,"하영올레는 서귀포 원도심의 자연과 인문적 자원을 느낄 수 있는 도보 코스로, 3개의 코스로 구성된 길이에요.",제주120 만덕콜센터 064-120,07:00~22:00  연중무휴
하영올레,3,7.5km,약 2시간 30분,동홍천 힐링길,33.25445,126.565861,7,"하영올레는 서귀포 원도심의 자연과 인문적 자원을 느낄 수 있는 도보 코스로, 3개의 코스로 구성된 길이에요.",제주120 만덕콜센터 064-120,07:00~22:00  연중무휴